month_year,salesperson_id,product_category,target_amount,target_line_id
2025-10-01,AK001,SPREADS,3000000.0,4a537f43-c9d2-4f0a-be04-68a8ba59bd3b
2025-10-01,AK001,CHOCOLATES,750000.0,ad275c53-775c-4345-800c-ca8794cbe565
2025-10-01,AK001,BEVERAGES,550000.0,16feb797-f363-4364-bd3f-ddd58e578934
2025-10-01,AK001,CANDIES,400000.0,602aaecd-9680-4ee7-a93d-62d1dbf9ec1f
2025-10-01,AK001,GUMS,300000.0,78c25d9d-b9fd-408b-b590-077443c17384
2025-10-01,BA001,SPREADS,5720000.0,5ee9aecc-8778-4f10-81ab-e1d0f1783947
2025-10-01,BA001,CHOCOLATES,3740000.0,ed590c47-8f91-4fe8-8834-f8f4590705a3
2025-10-01,BA001,BEVERAGES,1540000.0,4d6d31f8-6a3a-4943-b36c-6ced59a2ea0c
2025-10-01,BA001,CANDIES,7699999.999999999,407841ed-9a2d-4913-b40a-5f4acfe1a1ca
2025-10-01,BA001,GUMS,3300000.0,cc3c02be-9e93-4980-a739-3be28001721a
2025-10-01,BS001,SPREADS,3900000.0,5b923426-761c-424a-bcaa-3638f8ccd0a4
2025-10-01,BS001,CHOCOLATES,2550000.0,f745857b-28e0-4382-bc41-c6425201fa05
2025-10-01,BS001,BEVERAGES,1050000.0,d5b36d2e-e4fe-45f5-8c16-6972c17ae12c
2025-10-01,BS001,CANDIES,5250000.0,f12ee5a8-b9da-4d81-aa2b-a90b53c2d843
2025-10-01,BS001,GUMS,2250000.0,b5cbaa42-8ad6-4455-baba-be8a28cc3a99
2025-10-01,BR001,SPREADS,12000000.0,8f843ce8-e16f-4144-b4ba-4ae31cb47014
2025-10-01,BR001,CHOCOLATES,3000000.0,98802213-e121-45c6-9654-069122f114e0
2025-10-01,BR001,BEVERAGES,2200000.0,043b0fbc-6f3e-4ff3-8cd4-b3c196eedecc
2025-10-01,BR001,CANDIES,1600000.0,d714a8fa-c6c4-408b-99d5-acf670da98a5
2025-10-01,BR001,GUMS,1200000.0,c6970e66-f59c-44ad-996b-ee7979b42b6b
2025-10-01,ES001,SPREADS,21000000.0,e177bba6-31b1-4a22-9f1a-d6ca91152b18
2025-10-01,ES001,CHOCOLATES,5250000.0,206a6435-c07f-45d4-a28c-ae3143a99196
2025-10-01,ES001,BEVERAGES,3850000.0,f7b260ac-0baa-4950-8168-783a2eedcf64
2025-10-01,ES001,CANDIES,2800000.0,b80cbb8e-1311-40c2-a45c-db19ec3b73ad
2025-10-01,ES001,GUMS,2100000.0,af4deece-1348-4ac8-b7d3-c116d34921fb
2025-10-01,EE001,SPREADS,19200000.0,a8c5b32d-2f08-442a-928a-ec1c03bbdae0
2025-10-01,EE001,CHOCOLATES,4800000.0,dd18aecc-fe74-46ab-9450-8bfd7bc7eaf6
2025-10-01,EE001,BEVERAGES,3520000.0,1e63053b-7d72-41aa-bd3b-a063b09191aa
2025-10-01,EE001,CANDIES,2560000.0,e60a2a6b-6cef-434c-a719-5463c61bce13
2025-10-01,EE001,GUMS,1920000.0,935d0150-cb84-4134-9f66-ec45d6640d5f
2025-10-01,KM001,SPREADS,3000000.0,30fc7a60-45dd-40aa-b3b2-d80006febe68
2025-10-01,KM001,CHOCOLATES,750000.0,a6f3e162-939e-4fef-8cd2-ffa68839e172
2025-10-01,KM001,BEVERAGES,550000.0,c2264841-e36e-448a-b55d-77aa46c837d4
2025-10-01,KM001,CANDIES,400000.0,676f8859-6ec6-49ac-b83b-f7c53688c298
2025-10-01,KM001,GUMS,300000.0,78dac628-d883-43c1-bcb8-8cea9a8fc23b
2025-10-01,KB001,SPREADS,24000000.0,f0894a6f-1643-428c-80c7-ce8cad5dc8e9
2025-10-01,KB001,CHOCOLATES,6000000.0,5395297a-99bd-4da9-bf9d-db8d309b623a
2025-10-01,KB001,BEVERAGES,4400000.0,67e98453-c386-4c9b-881b-5ebe7e654045
2025-10-01,KB001,CANDIES,3200000.0,08718714-3356-4966-8365-47a410e77e4f
2025-10-01,KB001,GUMS,2400000.0,0a722f1b-fef7-4ff3-a06b-38c5530faf1f
2025-10-01,MC001,SPREADS,3000000.0,1ac5bee8-0871-4430-b4f6-c3e0b7b29de3
2025-10-01,MC001,CHOCOLATES,750000.0,295eb4d8-d7b0-4dd9-a8fa-5605a07beb80
2025-10-01,MC001,BEVERAGES,550000.0,e5e19157-0a09-4482-bf73-4a6168b84cf5
2025-10-01,MC001,CANDIES,400000.0,92e717e9-d809-41ea-b91a-2af1817f8431
2025-10-01,MC001,GUMS,300000.0,c3ec5194-a069-43ed-b6b9-f39d1ca98634
2025-10-01,NS001,SPREADS,18000000.0,0802b76a-ee38-43eb-be40-79620300f737
2025-10-01,NS001,CHOCOLATES,4500000.0,24737066-8d22-4869-be4e-c5bba96ae59a
2025-10-01,NS001,BEVERAGES,3300000.0,3ae90bf9-ce81-4729-834a-55f611d5b55a
2025-10-01,NS001,CANDIES,2400000.0,0282f9e7-62e1-44fc-932e-8b390cb8ee11
2025-10-01,NS001,GUMS,1800000.0,9ea7c3f9-821d-47e2-98d7-e241128c3c9f
2025-10-01,NA001,SPREADS,9000000.0,43ba8f07-571c-4781-be23-a54a2ff6dc51
2025-10-01,NA001,CHOCOLATES,2250000.0,b93b95b0-0346-41c0-8a53-71442fd178a2
2025-10-01,NA001,BEVERAGES,1650000.0,5bd9306d-3956-4f79-b498-3414f147ea7e
2025-10-01,NA001,CANDIES,1200000.0,b8413a0c-3346-49ad-b24f-ec709cceedef
2025-10-01,NA001,GUMS,900000.0,ea177c4b-129e-4bea-a00a-f3f7ab16b75b
2025-10-01,NM001,SPREADS,3000000.0,061b257b-157c-45f1-872a-be546a711bd2
2025-10-01,NM001,CHOCOLATES,750000.0,7ed04ba6-fdf6-4c51-afcf-c7a618db1fd0
2025-10-01,NM001,BEVERAGES,550000.0,ec6f838e-6fda-474a-9c94-103f7abf33d9
2025-10-01,NM001,CANDIES,400000.0,21bccf9f-2ea1-4d54-af5c-47be22d2d896
2025-10-01,NM001,GUMS,300000.0,7950a954-941a-4442-b67e-504a151dc121
2025-10-01,NC001,SPREADS,3000000.0,a889c42d-ff42-40d3-b237-7ac2b04ffb3f
2025-10-01,NC001,CHOCOLATES,750000.0,f5b80a6c-a975-48a6-a301-870c7a7d7f0c
2025-10-01,NC001,BEVERAGES,550000.0,ebd48ab6-bd3e-4bb3-99f3-ec9c19aa4003
2025-10-01,NC001,CANDIES,400000.0,783aa297-f23b-46c2-b07d-179e576eefad
2025-10-01,NC001,GUMS,300000.0,720b1e7d-e73f-44f9-8991-249782d27930
2025-10-01,PS001,SPREADS,3900000.0,2516a24a-445b-49ba-ae53-b181ada2d420
2025-10-01,PS001,CHOCOLATES,2550000.0,42301311-24ce-4820-b3ad-1ce12bd61e2f
2025-10-01,PS001,BEVERAGES,1050000.0,575a01a9-1a3f-4933-932b-fe5a9353cc52
2025-10-01,PS001,CANDIES,5250000.0,080daa4e-17f6-4145-adfb-894cb357ac34
2025-10-01,PS001,GUMS,2250000.0,a2c791e9-13f0-4f45-8278-39e20e489e9b
2025-10-01,TA001,SPREADS,12000000.0,81377759-88a7-4bfb-aff2-1bf8190bc28a
2025-10-01,TA001,CHOCOLATES,3000000.0,a62dd858-8249-4a84-b1cf-ac34e00c99c4
2025-10-01,TA001,BEVERAGES,2200000.0,13737b8d-30e5-41ef-a5d0-378228326149
2025-10-01,TA001,CANDIES,1600000.0,d059c467-919d-4d94-b728-437c06b5850a
2025-10-01,TA001,GUMS,1200000.0,95c306fd-7099-4993-a9cf-897d7a721690
2025-10-01,TC001,SPREADS,33750000.0,35b84d09-5c52-4906-b526-cb9b0062e053
2025-10-01,TC001,CHOCOLATES,27000000.0,a2285856-70f2-4b77-b4d9-a4aa62ee002d
2025-10-01,TC001,BEVERAGES,12000000.0,b09cda64-8b04-4f0d-890a-16d1e1aab5ce
2025-10-01,TC001,CANDIES,1500000.0,51d30ecc-af9e-4f65-a89f-30bdbe61498e
2025-10-01,TC001,GUMS,750000.0,d0b8df43-fd9c-4f03-a266-b4ae65ba1a5b
2025-10-01,TM001,SPREADS,21000000.0,db7965bc-0044-4bd9-b2d9-da1531ffa2e5
2025-10-01,TM001,CHOCOLATES,5250000.0,d963578d-14f5-4771-ace6-1cb3aa164df7
2025-10-01,TM001,BEVERAGES,3850000.0,04051729-5997-45dd-a07a-cd335f5e10aa
2025-10-01,TM001,CANDIES,2800000.0,eda5c602-3236-4d99-b90e-a72a50b10265
2025-10-01,TM001,GUMS,2100000.0,13624fd3-5f1d-444c-b0ec-29861436df04
2025-10-01,TG001,SPREADS,19200000.0,6c15b1d8-8a87-41da-b388-f9417638ed21
2025-10-01,TG001,CHOCOLATES,4800000.0,f1094ee5-4dbd-43ec-84b2-b205c4b1d079
2025-10-01,TG001,BEVERAGES,3520000.0,e3c23bcf-65a6-4348-9b88-c68854d53d5d
2025-10-01,TG001,CANDIES,2560000.0,7acc19a0-f4d3-48ce-9985-f6f117579018
2025-10-01,TG001,GUMS,1920000.0,eff9af96-e0d1-434f-bb10-6da6ff2aa225
2025-10-01,WC001,SPREADS,9000000.0,cacf6e07-f872-40ff-9c24-9c9f783e36f8
2025-10-01,WC001,CHOCOLATES,2250000.0,f2159668-a5cf-42cb-91ab-3ffb30c1bf4e
2025-10-01,WC001,BEVERAGES,1650000.0,cf3707cb-873f-4566-a316-ee14ab62e869
2025-10-01,WC001,CANDIES,1200000.0,e9559576-b25e-4d3e-8e45-01f9c47f7851
2025-10-01,WC001,GUMS,900000.0,6253a748-06ce-487a-b6d3-907f2e1c4a90
2025-10-01,DJ001,SPREADS,3000000.0,37702f91-ea39-4410-9c30-e8c658c17b8e
2025-10-01,DJ001,CHOCOLATES,750000.0,b53b0f7d-8c9f-4173-8a9d-cae69b7c8c67
2025-10-01,DJ001,BEVERAGES,550000.0,099e0089-03ca-4172-9f48-7ecee56794fb
2025-10-01,DJ001,CANDIES,400000.0,7451496a-b591-41d5-a01f-054042d95796
2025-10-01,DJ001,GUMS,300000.0,2064ebcf-d7d6-4e6f-b3da-cb049db2351e
2025-11-01,AK001,SPREADS,3000000.0,b7bcc679-88e1-40ce-9c63-4745c6144025
2025-11-01,AK001,CHOCOLATES,750000.0,80e4ca68-0808-4076-a1d6-ab2bf87a6d22
2025-11-01,AK001,BEVERAGES,550000.0,b4243b00-6250-4ba2-990e-096062d100b2
2025-11-01,AK001,CANDIES,400000.0,e85de09c-6acd-4b9b-8f99-8c9519398837
2025-11-01,AK001,GUMS,300000.0,2b3d8925-520a-4978-aec0-54613a344a89
2025-11-01,BA001,SPREADS,5720000.0,6b3c88d3-3c51-4530-b674-626890122075
2025-11-01,BA001,CHOCOLATES,3740000.0,9cb8e2e2-1649-4cc6-a887-49d36664b130
2025-11-01,BA001,BEVERAGES,1540000.0,03f1b648-1299-429f-85f2-a45dbf2c2c1a
2025-11-01,BA001,CANDIES,7699999.999999999,5aa05018-80d8-46db-93d1-5947abe9dfee
2025-11-01,BA001,GUMS,3300000.0,91fe32a8-38bc-4871-81eb-a74535442c3b
2025-11-01,BS001,SPREADS,3900000.0,b05308b2-4638-4af3-b465-7489662ba677
2025-11-01,BS001,CHOCOLATES,2550000.0,efc557e4-30f9-41fb-9ee3-50d3f672f964
2025-11-01,BS001,BEVERAGES,1050000.0,353a35c5-dce3-4b66-b029-b19a0a59e421
2025-11-01,BS001,CANDIES,5250000.0,fc9b4ccb-28f8-441c-aa39-3965c4810196
2025-11-01,BS001,GUMS,2250000.0,22f41fba-d93b-4b6d-8d0f-fe4e265898a0
2025-11-01,BR001,SPREADS,12000000.0,50ca704a-c943-466e-8d2f-20123665f83c
2025-11-01,BR001,CHOCOLATES,3000000.0,24d89e85-ef04-401e-8784-2b4c55df456d
2025-11-01,BR001,BEVERAGES,2200000.0,c05b62b8-2c17-4d7c-ba60-a55fb00b203b
2025-11-01,BR001,CANDIES,1600000.0,d1699505-e9a8-41b3-b02c-e9cf2793ecaf
2025-11-01,BR001,GUMS,1200000.0,60c5f098-4f5b-4086-b126-5d12b1d3e045
2025-11-01,ES001,SPREADS,21000000.0,3475d5f6-875b-4a51-a0b0-f3cdb978065c
2025-11-01,ES001,CHOCOLATES,5250000.0,c1d961ec-0c8d-4a35-9790-4d5413773f3d
2025-11-01,ES001,BEVERAGES,3850000.0,e3d97b71-650d-4a7e-9763-1f9dec5128b8
2025-11-01,ES001,CANDIES,2800000.0,68fff409-8c6f-44cd-9ffe-d1ede79cc50d
2025-11-01,ES001,GUMS,2100000.0,a4480487-0c79-476a-af1a-66af070b50bf
2025-11-01,EE001,SPREADS,19200000.0,a31ffd1f-b90a-4720-8714-07de8b913d0a
2025-11-01,EE001,CHOCOLATES,4800000.0,cb96cc9c-f76d-435b-9a87-e66d2f334c1d
2025-11-01,EE001,BEVERAGES,3520000.0,ee829b24-0cf8-4888-bec9-8bf77a7a3786
2025-11-01,EE001,CANDIES,2560000.0,b256ce2c-bb2b-4808-be6d-261a9df380bc
2025-11-01,EE001,GUMS,1920000.0,c4075a83-fb55-4c1d-8c83-f34f3dfc4e50
2025-11-01,KM001,SPREADS,3000000.0,2358a117-6feb-4ed2-aa76-5c76995581fb
2025-11-01,KM001,CHOCOLATES,750000.0,a2a32452-cc2b-4741-ab34-864849487dca
2025-11-01,KM001,BEVERAGES,550000.0,c8e3ae3a-8dd3-47aa-9cfc-ed6ceba0c835
2025-11-01,KM001,CANDIES,400000.0,1ce2cdb7-04ab-444f-816f-30a04d286b49
2025-11-01,KM001,GUMS,300000.0,dea8574b-ac4d-49cf-9629-d4231a75e2eb
2025-11-01,KB001,SPREADS,24000000.0,c3a55721-3bd8-4c05-9191-f1a9a7b60a8a
2025-11-01,KB001,CHOCOLATES,6000000.0,e57ab62e-b833-42bd-a21d-17bfa1d5bbf5
2025-11-01,KB001,BEVERAGES,4400000.0,de672f96-3c4a-480b-a352-331ea9f4f17f
2025-11-01,KB001,CANDIES,3200000.0,5fea995a-cc9b-4afb-943d-09cda5fec07b
2025-11-01,KB001,GUMS,2400000.0,77943896-dc36-4ca4-b0f8-9abdaa7d2cf2
2025-11-01,MC001,SPREADS,3000000.0,1f8db592-bcf1-4a04-bd1b-9a679c18d7ba
2025-11-01,MC001,CHOCOLATES,750000.0,af1104e3-7901-4abb-b7ce-d529442decd8
2025-11-01,MC001,BEVERAGES,550000.0,9a4b9251-38a3-4435-826d-9772c9cf2631
2025-11-01,MC001,CANDIES,400000.0,d50e92bb-58c7-45a6-a02f-b025b7ff9e73
2025-11-01,MC001,GUMS,300000.0,6cb5f3ca-ac47-4428-ba16-657e11a51096
2025-11-01,NS001,SPREADS,18000000.0,f83079b9-f4d5-40e1-a3f0-7e456e8ba8e9
2025-11-01,NS001,CHOCOLATES,4500000.0,2df8a5c3-f60f-4d66-9d7d-6a359294eb6f
2025-11-01,NS001,BEVERAGES,3300000.0,eefeb9c3-7305-4b7c-a270-069b8694094f
2025-11-01,NS001,CANDIES,2400000.0,ebff4aed-4c84-4286-96bc-0ffcc0f2dac8
2025-11-01,NS001,GUMS,1800000.0,2e7abef1-5e6d-4368-aa31-f9aa883fdd8b
2025-11-01,NA001,SPREADS,9000000.0,a1330eee-78a4-41a0-88b7-23fdbb9e97b3
2025-11-01,NA001,CHOCOLATES,2250000.0,ef52adfc-2066-4599-91de-e8fb7658c9d2
2025-11-01,NA001,BEVERAGES,1650000.0,83d2f151-09ce-4fc5-a535-a32d2195cc74
2025-11-01,NA001,CANDIES,1200000.0,c68db5d1-0bbc-45d5-aaaa-e698a4e02a33
2025-11-01,NA001,GUMS,900000.0,59d959bb-b6bb-40be-8dee-dba512fa21b0
2025-11-01,NM001,SPREADS,3000000.0,616df188-6c34-4642-9caf-64b03c69f2d4
2025-11-01,NM001,CHOCOLATES,750000.0,af7f944a-24d1-44d9-8792-a3a43bdb41dd
2025-11-01,NM001,BEVERAGES,550000.0,5604f5db-b58a-41e0-a0b3-9d830c3a3670
2025-11-01,NM001,CANDIES,400000.0,d25c34f0-5fe2-4657-b0a4-a4bb7ab11234
2025-11-01,NM001,GUMS,300000.0,35c58715-4671-4df9-ae35-6aa81099a34c
2025-11-01,NC001,SPREADS,3000000.0,36e6ab10-9058-4b48-b723-2ab13d6af1af
2025-11-01,NC001,CHOCOLATES,750000.0,243e57c5-e1d0-4346-9bcc-18762888898e
2025-11-01,NC001,BEVERAGES,550000.0,d881a3aa-b062-4a5e-9161-8dd380b4aec3
2025-11-01,NC001,CANDIES,400000.0,1cf5adb6-24e3-4e9b-b193-cca175fd5390
2025-11-01,NC001,GUMS,300000.0,ee1ff455-8d9c-4b49-a9be-e32bd017dab5
2025-11-01,PS001,SPREADS,3900000.0,73480747-c80a-445f-99ab-b5abe431b59f
2025-11-01,PS001,CHOCOLATES,2550000.0,913b274c-4fbd-447c-8c46-e7e0e6d9dbc2
2025-11-01,PS001,BEVERAGES,1050000.0,56cc1f4a-433d-4a96-81e2-71ff287faabe
2025-11-01,PS001,CANDIES,5250000.0,2e6fd606-f524-4dfe-b8f3-4632c2719ca8
2025-11-01,PS001,GUMS,2250000.0,12e6cc13-8ec7-489f-8a7f-fdb912a9450c
2025-11-01,TA001,SPREADS,12000000.0,ad922f6b-09a3-4e14-880e-034322223f8d
2025-11-01,TA001,CHOCOLATES,3000000.0,9651de19-1200-4ba7-99d1-9d51e75fec1e
2025-11-01,TA001,BEVERAGES,2200000.0,c38e2970-bef7-4223-84d0-9b31b6dd6dff
2025-11-01,TA001,CANDIES,1600000.0,fb489f80-df17-4e47-8fbd-774c916972b1
2025-11-01,TA001,GUMS,1200000.0,5850b624-836b-41c5-8205-7eb0e5c3878e
2025-11-01,TC001,SPREADS,33750000.0,1fd508a0-aa0f-4045-82d2-718cdefbc978
2025-11-01,TC001,CHOCOLATES,27000000.0,31d43d3a-88b3-4bce-ba5d-d11979c29d0b
2025-11-01,TC001,BEVERAGES,12000000.0,badfd0c1-129f-4af1-ad17-6fd18d2307df
2025-11-01,TC001,CANDIES,1500000.0,924b8f9b-62fe-4c7a-812a-16b211884b1a
2025-11-01,TC001,GUMS,750000.0,14218a81-752f-49f0-9c08-44c2ce2dd0c3
2025-11-01,TM001,SPREADS,21000000.0,363b7a46-0649-4d77-bc5d-1d4232348b58
2025-11-01,TM001,CHOCOLATES,5250000.0,71599e46-e427-4ab3-b89f-5ac8e78e8382
2025-11-01,TM001,BEVERAGES,3850000.0,4d6f5a73-f749-4b9e-a14f-54a5e8c9f3d5
2025-11-01,TM001,CANDIES,2800000.0,0471b06a-9158-4dae-a32b-2b9e9152127b
2025-11-01,TM001,GUMS,2100000.0,c3327343-f9e8-4204-833a-2659f1e5e5ca
2025-11-01,TG001,SPREADS,19200000.0,957e104a-e50b-4621-9146-b805d6c7e770
2025-11-01,TG001,CHOCOLATES,4800000.0,c0820a51-84ad-4283-ad1d-69c771de92ee
2025-11-01,TG001,BEVERAGES,3520000.0,1d4197bc-3aa3-4212-9f93-c74c891e7699
2025-11-01,TG001,CANDIES,2560000.0,dda39c61-2cc8-4fed-ac79-f61ddaeed061
2025-11-01,TG001,GUMS,1920000.0,0e8cccdb-b864-43b7-8353-1687522372ea
2025-11-01,WC001,SPREADS,9000000.0,46b84b45-94de-459a-8ca5-488115b1e5ea
2025-11-01,WC001,CHOCOLATES,2250000.0,b77a33e9-f70b-416a-9cc4-6fa9534a59e0
2025-11-01,WC001,BEVERAGES,1650000.0,5e2b3377-9f17-4a16-b84e-3be4920a7fc7
2025-11-01,WC001,CANDIES,1200000.0,ac71f014-d920-437f-a107-c64c0e3f0b2a
2025-11-01,WC001,GUMS,900000.0,ea553d1a-fad8-4507-981b-718be0809d68
2025-11-01,DJ001,SPREADS,3000000.0,9fe5d781-2ae2-459a-9253-d87e3db25456
2025-11-01,DJ001,CHOCOLATES,750000.0,d18c7266-9f3a-4c9f-8755-2eb533c3e9c8
2025-11-01,DJ001,BEVERAGES,550000.0,4effe686-9b30-43d8-ae49-eab39468d589
2025-11-01,DJ001,CANDIES,400000.0,885b926f-1680-44eb-8457-dba8d9de0de2
2025-11-01,DJ001,GUMS,300000.0,0b4c3155-7945-4006-9c53-48ce48f4f354
2025-12-01,AK001,SPREADS,3000000.0,08b65e81-f1f7-41ea-bc7d-24e64317f193
2025-12-01,AK001,CHOCOLATES,750000.0,5e55e036-bef0-4f9a-99af-26f69b4b26e3
2025-12-01,AK001,BEVERAGES,550000.0,ab4f4ff7-854b-4110-b3bc-06d41806bddf
2025-12-01,AK001,CANDIES,400000.0,4f2daa86-b84a-4cdb-a5a1-8792f5ab074d
2025-12-01,AK001,GUMS,300000.0,2899bc95-39a1-4555-ba89-efb31e48ceca
2025-12-01,BA001,SPREADS,5720000.0,bf0a7398-73a9-4149-8bb1-5d61611681bc
2025-12-01,BA001,CHOCOLATES,3740000.0,e5728c01-d2b9-4f02-8513-31c1a8a11975
2025-12-01,BA001,BEVERAGES,1540000.0,3e9fa641-cb23-459c-92e9-3e48949624d1
2025-12-01,BA001,CANDIES,7699999.999999999,c50b2339-5a79-4176-b556-88399d9fecb4
2025-12-01,BA001,GUMS,3300000.0,f85301cb-7793-4696-bb45-d2a9d1acd524
2025-12-01,BS001,SPREADS,3900000.0,57673520-545a-40ac-a316-bceb908938ac
2025-12-01,BS001,CHOCOLATES,2550000.0,f1d65ddb-e463-4635-b26a-edb93d32553c
2025-12-01,BS001,BEVERAGES,1050000.0,6db700d0-bfc9-4778-8ae2-c47b9e9d42fb
2025-12-01,BS001,CANDIES,5250000.0,39b45d2f-72b1-4b92-b2ff-d25744496612
2025-12-01,BS001,GUMS,2250000.0,2d8329d1-6bc2-4e12-8a2f-adea6ee37f77
2025-12-01,BR001,SPREADS,12000000.0,1a33b17c-9ae0-4c54-8ae8-d01dae4c7a2a
2025-12-01,BR001,CHOCOLATES,3000000.0,0d4677ca-36da-440f-b7a8-44f6794196de
2025-12-01,BR001,BEVERAGES,2200000.0,d68a4587-0b54-4be4-9f2c-9322d5862203
2025-12-01,BR001,CANDIES,1600000.0,310bee1a-2d02-442e-9303-923961dd6052
2025-12-01,BR001,GUMS,1200000.0,59d8af70-ac81-45a6-baf4-ff66ce277b7a
2025-12-01,ES001,SPREADS,21000000.0,5f074e17-dbe9-4220-90a0-b7f12481eb96
2025-12-01,ES001,CHOCOLATES,5250000.0,c0f7d75f-cbbe-4435-a312-ac69317f58bf
2025-12-01,ES001,BEVERAGES,3850000.0,784da5d4-9483-4c44-9f43-b71a796036c7
2025-12-01,ES001,CANDIES,2800000.0,a92bf0c9-924b-425d-8a9a-44c30b8db71e
2025-12-01,ES001,GUMS,2100000.0,4b2463bb-42ef-4f48-b745-051177aa98ee
2025-12-01,EE001,SPREADS,19200000.0,5d8140b2-8391-4669-9adf-5e211cc14460
2025-12-01,EE001,CHOCOLATES,4800000.0,27d9dd0a-8675-402b-8b2f-62b6fc9c2797
2025-12-01,EE001,BEVERAGES,3520000.0,1f3bc236-8956-4731-9493-65d05e006fdf
2025-12-01,EE001,CANDIES,2560000.0,bcbbc6d0-f500-415a-9ab9-5bc89a2cc1d6
2025-12-01,EE001,GUMS,1920000.0,56e48a5b-8c34-4c7e-b56a-fdc0445e7d7f
2025-12-01,KM001,SPREADS,3000000.0,894f5f4f-9ebe-4c97-a4a3-cbd018ae3607
2025-12-01,KM001,CHOCOLATES,750000.0,d1f2b828-7efa-417d-bd38-86f7e449246d
2025-12-01,KM001,BEVERAGES,550000.0,d80a703a-9191-46c1-9144-3a2a3aa4e108
2025-12-01,KM001,CANDIES,400000.0,dd3fc293-9bb6-46d3-8514-275195a3697e
2025-12-01,KM001,GUMS,300000.0,08b98a9f-eba6-4af4-8a36-139f9afe8539
2025-12-01,KB001,SPREADS,24000000.0,3c200138-831c-43fb-ad79-d9a312945188
2025-12-01,KB001,CHOCOLATES,6000000.0,cfe4bc76-18a8-4d30-b059-27431ef3930a
2025-12-01,KB001,BEVERAGES,4400000.0,57ff536a-8052-4eeb-9e48-fb28cfbd954f
2025-12-01,KB001,CANDIES,3200000.0,7c6584b8-b8f1-495d-97b5-b4984ea1e769
2025-12-01,KB001,GUMS,2400000.0,c21bf86a-3bce-4aa6-80c8-98b7cfd43b70
2025-12-01,MC001,SPREADS,3000000.0,edc0ef25-4abc-40b9-9a42-2e58366d9236
2025-12-01,MC001,CHOCOLATES,750000.0,3bcdcdb9-289c-4702-8cad-f0ff134297ec
2025-12-01,MC001,BEVERAGES,550000.0,ca475919-1eb5-4264-9938-82debcd90b15
2025-12-01,MC001,CANDIES,400000.0,44d3f097-69c7-4ffb-96a2-6e12c9726f2a
2025-12-01,MC001,GUMS,300000.0,0709cc1b-6abc-405a-a074-28d161d8c460
2025-12-01,NS001,SPREADS,18000000.0,7913d075-3981-4553-bc83-33d9a947ec9c
2025-12-01,NS001,CHOCOLATES,4500000.0,47d8114b-282a-47a2-890a-b250b633dfc3
2025-12-01,NS001,BEVERAGES,3300000.0,43b232f7-d902-4980-ad12-b224e9dafc11
2025-12-01,NS001,CANDIES,2400000.0,0d42e9a6-4648-437f-bfbf-e2694eb2d458
2025-12-01,NS001,GUMS,1800000.0,f6179eee-a1c8-49db-94b3-d65efde7f43b
2025-12-01,NA001,SPREADS,9000000.0,998773a1-672a-4559-b635-1b9b1ba4c0bb
2025-12-01,NA001,CHOCOLATES,2250000.0,d1e717a6-784e-46dc-83dd-e130bc879457
2025-12-01,NA001,BEVERAGES,1650000.0,8d58118a-ab22-4f58-ab8e-bf8a20dd5e86
2025-12-01,NA001,CANDIES,1200000.0,07125bc1-6c15-492c-ae1d-35cf359e4e64
2025-12-01,NA001,GUMS,900000.0,80c76dc7-a4cd-4779-b690-5296801d3fb7
2025-12-01,NM001,SPREADS,3000000.0,3ae63746-667f-44f7-b50f-d2a653fc7aad
2025-12-01,NM001,CHOCOLATES,750000.0,1da1b90a-8410-4a6b-8a56-71b13093550b
2025-12-01,NM001,BEVERAGES,550000.0,fe0bde79-2c76-4eca-9d1c-c972974787ec
2025-12-01,NM001,CANDIES,400000.0,32f8a72a-8464-4401-82f4-33fedd4d0979
2025-12-01,NM001,GUMS,300000.0,a8135170-ba0d-4077-ade2-0a7a0fade29f
2025-12-01,NC001,SPREADS,3000000.0,51066dc0-18cd-44be-9737-5ec7882e652e
2025-12-01,NC001,CHOCOLATES,750000.0,e9fc92da-e801-4190-b9e9-223eaf839ccd
2025-12-01,NC001,BEVERAGES,550000.0,3845856b-526f-4994-9212-1c15f2816004
2025-12-01,NC001,CANDIES,400000.0,a7ac4505-a143-49da-989a-c85bcd3360c8
2025-12-01,NC001,GUMS,300000.0,6af55827-020e-4a01-a0fb-f89940cbbdba
2025-12-01,PS001,SPREADS,3900000.0,92e98049-453c-454c-bb78-33974778f3c0
2025-12-01,PS001,CHOCOLATES,2550000.0,7acb38a1-e520-4752-a24f-0ed5858134c0
2025-12-01,PS001,BEVERAGES,1050000.0,6aebbca2-791c-4189-8c85-fed76ecdf3fa
2025-12-01,PS001,CANDIES,5250000.0,9c529c00-bc41-41f1-b610-5fc6323bf04a
2025-12-01,PS001,GUMS,2250000.0,d1be3746-182a-449e-80bb-8e416fafe197
2025-12-01,TA001,SPREADS,12000000.0,b190edc7-fcc2-4951-9b08-87ab417b7c5b
2025-12-01,TA001,CHOCOLATES,3000000.0,fda4071c-2f08-4a6b-a4cc-82106814a251
2025-12-01,TA001,BEVERAGES,2200000.0,5d3f8f1e-9292-4a77-933b-62641b41fb01
2025-12-01,TA001,CANDIES,1600000.0,7b185eb3-6f9d-4eb9-9b50-bbb0a28728da
2025-12-01,TA001,GUMS,1200000.0,4fa66f63-25aa-496b-bec3-e061226bad86
2025-12-01,TC001,SPREADS,33750000.0,72b1b782-018b-49a9-a91d-df539bbb1196
2025-12-01,TC001,CHOCOLATES,27000000.0,454c867b-ea43-48f2-ae53-aaf45e5a9331
2025-12-01,TC001,BEVERAGES,12000000.0,142593f7-ec73-4083-8ae9-74358db6bf54
2025-12-01,TC001,CANDIES,1500000.0,923c20e0-7ea7-46c6-9267-580afa515385
2025-12-01,TC001,GUMS,750000.0,31876edc-89be-494f-996c-5c25c76a4075
2025-12-01,TM001,SPREADS,21000000.0,e16df7c2-2a7f-4afc-92f3-c0781109f726
2025-12-01,TM001,CHOCOLATES,5250000.0,86c41a55-a8ef-4030-a1c4-e7da89e8caa4
2025-12-01,TM001,BEVERAGES,3850000.0,6d62064d-fc87-45d6-8eb8-53996a6a9e37
2025-12-01,TM001,CANDIES,2800000.0,e203b381-81c5-469d-ab20-19b229314428
2025-12-01,TM001,GUMS,2100000.0,c1806a0e-6e44-4de9-baf2-b55ae3e25c0d
2025-12-01,TG001,SPREADS,19200000.0,0f60c8eb-490a-4996-8d20-b3e082f27597
2025-12-01,TG001,CHOCOLATES,4800000.0,1e35a5ce-d0b8-487d-87a2-913193651cee
2025-12-01,TG001,BEVERAGES,3520000.0,da8f87a1-7b50-4ea9-bfb5-dc8fefa42ae5
2025-12-01,TG001,CANDIES,2560000.0,78e7ff2c-47e1-4f95-93ec-fbcd428eb049
2025-12-01,TG001,GUMS,1920000.0,14d4bd21-9a56-4c41-938e-34cb2c80820f
2025-12-01,WC001,SPREADS,9000000.0,9e7deb16-8c2e-465e-b76c-84f6fe477c4d
2025-12-01,WC001,CHOCOLATES,2250000.0,502bce75-4c95-4328-96c6-2c41426c1dbb
2025-12-01,WC001,BEVERAGES,1650000.0,02fd63b6-f9b0-4d70-a980-cbd68eb4946b
2025-12-01,WC001,CANDIES,1200000.0,6c4fea1d-3f7a-45b9-903d-ce3bd040245a
2025-12-01,WC001,GUMS,900000.0,bf836f7c-020e-4cb3-b610-869f845848f0
2025-12-01,DJ001,SPREADS,3000000.0,11210a40-9348-4d89-98f8-ed591b94be88
2025-12-01,DJ001,CHOCOLATES,750000.0,30981d23-551c-4836-9f7a-f3bbcae9706b
2025-12-01,DJ001,BEVERAGES,550000.0,7ca5292d-02f1-4c86-aacf-4860cbd5045f
2025-12-01,DJ001,CANDIES,400000.0,3dec9ee6-0012-480b-a413-a6e0753cabb5
2025-12-01,DJ001,GUMS,300000.0,b7ceb5ed-49d0-43e2-bc01-00f2487dc3e3
2025-12-01,DD001,SPREADS,6000000.0,11e521ec-e640-4ae9-8f6a-029a3d618f10
2025-12-01,DD001,CHOCOLATES,1500000.0,59f3a94b-4389-49b6-900e-31bc78f21ec4
2025-12-01,DD001,BEVERAGES,1100000.0,ae721f32-e55c-4b6e-a8d8-4041e8e27790
2025-12-01,DD001,CANDIES,800000.0,b26d5ce2-e7b1-48eb-8e11-89178ed09e8d
2025-12-01,DD001,GUMS,600000.0,00836813-ae0e-47dd-b9fb-e86ef632b1c1
2025-12-01,AE001,SPREADS,3000000.0,67d4d104-5c95-4769-8186-7df9df5c64d3
2025-12-01,AE001,CHOCOLATES,750000.0,11933e68-fc50-4df0-ae95-422338cd4207
2025-12-01,AE001,BEVERAGES,550000.0,f6097536-8003-4c0d-9f19-ff12b3e60e2b
2025-12-01,AE001,CANDIES,400000.0,f6ae305f-07a2-4806-b756-c8737be2f02f
2025-12-01,AE001,GUMS,300000.0,c8bde81f-0b8f-4fb4-aacc-83f1ef059599
2026-01-01,AK001,SPREADS,6000000.0,30967544-1524-4d9d-aa5d-5fdf1c6978a6
2026-01-01,AK001,CHOCOLATES,1500000.0,30607c4b-17e1-4a50-ac71-6de4d4eddac7
2026-01-01,AK001,BEVERAGES,1100000.0,7fda0f26-069b-4b47-a40f-d80540753545
2026-01-01,AK001,CANDIES,800000.0,fa529091-b6e2-4dba-842c-ce7d3c18cf83
2026-01-01,AK001,GUMS,600000.0,a33eb3cc-777d-42b7-a051-cd2561fba30e
2026-01-01,BA001,SPREADS,5720000.0,54a789a0-63b9-410c-bce2-a398c12fbfce
2026-01-01,BA001,CHOCOLATES,3740000.0,f5dd34d7-6b5d-4f7a-8bb4-490d90a746a2
2026-01-01,BA001,BEVERAGES,1540000.0,41735358-3cc4-4e92-9e27-ff32d49c54ad
2026-01-01,BA001,CANDIES,7699999.999999999,c9f1bab6-3ccd-4ced-9141-3971f8930971
2026-01-01,BA001,GUMS,3300000.0,2734f6d2-6d90-4ffd-bffe-7a7ae2b6d2f1
2026-01-01,BS001,SPREADS,3900000.0,58bcc0dd-dbb1-454e-9ac0-83e87aa72a8d
2026-01-01,BS001,CHOCOLATES,2550000.0,2966093a-5ec2-40b1-8276-64ba870ca7f9
2026-01-01,BS001,BEVERAGES,1050000.0,480c3192-e9f2-46a3-ad36-fe4d44ddb693
2026-01-01,BS001,CANDIES,5250000.0,76799519-7fd9-4284-820f-c4a6e55e746e
2026-01-01,BS001,GUMS,2250000.0,02a1a783-590c-4311-b8a0-fdf47ff773b7
2026-01-01,BR001,SPREADS,12000000.0,e4d0d589-4147-472d-acce-d319aa622855
2026-01-01,BR001,CHOCOLATES,3000000.0,31fb4122-bbde-4d9d-a679-5fd9dba097d5
2026-01-01,BR001,BEVERAGES,2200000.0,fb25195f-49ff-4b8b-a9d5-67328a6dcd39
2026-01-01,BR001,CANDIES,1600000.0,5f2a09b6-e114-472a-bdf0-cb788db290f1
2026-01-01,BR001,GUMS,1200000.0,ab5ee54e-c777-4596-801c-1174aa6cfd58
2026-01-01,ES001,SPREADS,21000000.0,ad963d67-1b3d-4db5-9e1e-499558a46685
2026-01-01,ES001,CHOCOLATES,5250000.0,60a7c799-9385-4e46-a25d-830ae971d68d
2026-01-01,ES001,BEVERAGES,3850000.0,c06a8af1-f3d4-4b65-bcce-cb087d52283e
2026-01-01,ES001,CANDIES,2800000.0,a5f52efa-9791-4d41-84b6-86358efcc68e
2026-01-01,ES001,GUMS,2100000.0,eead6775-e735-4c33-8761-266a3546e15b
2026-01-01,EE001,SPREADS,19200000.0,263c7e26-fecd-4ae5-a804-c1cdea0119f5
2026-01-01,EE001,CHOCOLATES,4800000.0,a5d84a90-c7f0-49c8-9f22-4e77a55e9a64
2026-01-01,EE001,BEVERAGES,3520000.0,8c9b74aa-ea59-4cb8-b274-b41d3ff04197
2026-01-01,EE001,CANDIES,2560000.0,ef866ce5-6187-4a5e-906c-5c1df6654f88
2026-01-01,EE001,GUMS,1920000.0,56c28c6e-c237-4c1a-b9c5-beef676859e9
2026-01-01,KM001,SPREADS,3000000.0,37673a3d-52c9-4350-a9c2-97f9ba8dd342
2026-01-01,KM001,CHOCOLATES,750000.0,7fe58938-b442-4f46-a32f-531fb80284a1
2026-01-01,KM001,BEVERAGES,550000.0,094424fd-ea3d-4f41-a937-371f9ed8e654
2026-01-01,KM001,CANDIES,400000.0,5329a8b6-3206-4365-965b-15131ca48686
2026-01-01,KM001,GUMS,300000.0,c59f2b1a-fbe6-4cf8-b389-afdd2dfad827
2026-01-01,KB001,SPREADS,24000000.0,ff761ce1-26d2-4a48-82eb-0844c78b9193
2026-01-01,KB001,CHOCOLATES,6000000.0,00492f15-3036-4b0f-b1ae-ce8cb54941cb
2026-01-01,KB001,BEVERAGES,4400000.0,b799d300-4448-42d4-b336-dee317b07550
2026-01-01,KB001,CANDIES,3200000.0,c02e32ae-ef5d-43ac-86d4-26df2c9fc2a5
2026-01-01,KB001,GUMS,2400000.0,03faa7c1-b328-4aa2-bea8-b49155c17ea8
2026-01-01,MC001,SPREADS,6000000.0,916ef1e1-38f7-49e7-8faa-60b8d3f4917f
2026-01-01,MC001,CHOCOLATES,1500000.0,3003aa9e-750d-4aee-a1ce-0f7837ad1bbf
2026-01-01,MC001,BEVERAGES,1100000.0,3b0fdf03-8b7b-4008-b3b9-d3ad126ac2eb
2026-01-01,MC001,CANDIES,800000.0,6ae25f1d-3677-4305-adec-d1e8a3059b6c
2026-01-01,MC001,GUMS,600000.0,39a8c2bb-08cc-49bb-9a60-b8579ad6eecf
2026-01-01,NS001,SPREADS,18000000.0,340e3d31-9d49-4f73-a2a1-66083b8c8b7a
2026-01-01,NS001,CHOCOLATES,4500000.0,189092e2-6300-442e-9711-3628867a25ab
2026-01-01,NS001,BEVERAGES,3300000.0,462d2640-8232-470f-a81c-3f9c772706dc
2026-01-01,NS001,CANDIES,2400000.0,ad799746-e591-4363-aa4c-c5b76df17e25
2026-01-01,NS001,GUMS,1800000.0,2c10c9f6-4ad5-43b1-91d8-af04bafca31c
2026-01-01,NA001,SPREADS,9000000.0,7cb0d8c0-d24f-4296-b288-cac55066e6dc
2026-01-01,NA001,CHOCOLATES,2250000.0,86f9046e-fce8-48ed-b062-35d7a194f40d
2026-01-01,NA001,BEVERAGES,1650000.0,71edace4-d599-4a23-871e-e02326cf3501
2026-01-01,NA001,CANDIES,1200000.0,dddd77e0-cf61-409c-b9af-ca9c7f8a1e7f
2026-01-01,NA001,GUMS,900000.0,9da3d343-1f32-45ae-92b6-1824c375b3ed
2026-01-01,NM001,SPREADS,3000000.0,7d277502-0267-41a4-8073-f51e3591d9da
2026-01-01,NM001,CHOCOLATES,750000.0,8dd9238a-c83a-47f7-a503-6c930bf7b2e6
2026-01-01,NM001,BEVERAGES,550000.0,3b7942be-5ba6-4105-8b41-7fef60311267
2026-01-01,NM001,CANDIES,400000.0,ded63292-f14c-4e70-9d0f-cac44dda1aea
2026-01-01,NM001,GUMS,300000.0,358cfca3-b226-40d7-afca-b26bc9f88f85
2026-01-01,NC001,SPREADS,3000000.0,7a9e39e3-52fe-4079-a08d-48d3e3368702
2026-01-01,NC001,CHOCOLATES,750000.0,fedbe267-a687-4606-a51f-d1529dc7ccee
2026-01-01,NC001,BEVERAGES,550000.0,7a5d01c5-c851-4d23-b632-f4b2aa20df1c
2026-01-01,NC001,CANDIES,400000.0,5acd840b-73c6-46a7-b238-ac5b626b2c17
2026-01-01,NC001,GUMS,300000.0,ecb6fb36-0300-478a-b35b-074c31635bba
2026-01-01,PS001,SPREADS,3900000.0,140bef85-3e4d-4fe6-8c6b-98aed5cf7d9d
2026-01-01,PS001,CHOCOLATES,2550000.0,398e3017-a473-4174-b7d0-aa23cedf39a7
2026-01-01,PS001,BEVERAGES,1050000.0,0736b61f-db33-41c8-88d8-b146ab984936
2026-01-01,PS001,CANDIES,5250000.0,28c1bad6-3458-4dda-aa31-7437778360cb
2026-01-01,PS001,GUMS,2250000.0,3a37b1b3-ef05-4ba0-bf64-a6b797c686d6
2026-01-01,TA001,SPREADS,12000000.0,37a0829a-04df-45a4-8ea8-d178087d7b83
2026-01-01,TA001,CHOCOLATES,3000000.0,5951999d-08ff-48f4-8219-a829eac42d5f
2026-01-01,TA001,BEVERAGES,2200000.0,b7ad0f32-d804-483a-8a38-ff17222a8182
2026-01-01,TA001,CANDIES,1600000.0,cb872215-da32-4e5f-b617-63b100de00b5
2026-01-01,TA001,GUMS,1200000.0,751ca676-3d58-4f2b-bda7-dab7efe028b4
2026-01-01,TC001,SPREADS,33750000.0,e606e43e-4e0e-49b2-bdab-4052bf40e4ae
2026-01-01,TC001,CHOCOLATES,27000000.0,67a73d74-c114-4830-816b-97c1e556c6b0
2026-01-01,TC001,BEVERAGES,12000000.0,542a10d3-3f3c-4f09-9622-3ef26c91c941
2026-01-01,TC001,CANDIES,1500000.0,aa94cceb-8033-401b-86b3-d2943de9170f
2026-01-01,TC001,GUMS,750000.0,5b127099-d673-48f9-9182-8b7e8d353d35
2026-01-01,TM001,SPREADS,21000000.0,d0f69f95-500e-49ad-a5a4-b41624404f8d
2026-01-01,TM001,CHOCOLATES,5250000.0,33f0aeeb-9d31-4baa-a851-b349a0db3c5d
2026-01-01,TM001,BEVERAGES,3850000.0,409ce7b3-cbf0-41d0-8eda-80e1cec9eff3
2026-01-01,TM001,CANDIES,2800000.0,d3ef86a3-be92-429c-8e13-6ba9ed2466aa
2026-01-01,TM001,GUMS,2100000.0,7c55333a-97ef-48c2-a255-0dc802154ad7
2026-01-01,TG001,SPREADS,19200000.0,13f47ba4-c92e-4c5e-911c-634e39fcca33
2026-01-01,TG001,CHOCOLATES,4800000.0,9852d9ba-82bc-4220-bad1-d21d7f4698e9
2026-01-01,TG001,BEVERAGES,3520000.0,0e10c197-a111-498d-8089-441b97c99218
2026-01-01,TG001,CANDIES,2560000.0,906ecb87-c325-4261-9765-5f23bc1c8335
2026-01-01,TG001,GUMS,1920000.0,d61accf5-adf2-4adc-a2e6-3ea57d5d0bf0
2026-01-01,WC001,SPREADS,9000000.0,df409968-7c74-4d24-acc4-ac3eaea44228
2026-01-01,WC001,CHOCOLATES,2250000.0,42779058-cfab-46c9-8415-9e11e4082b5e
2026-01-01,WC001,BEVERAGES,1650000.0,31a7dd3d-67fe-4473-8787-b444e3e8bd0c
2026-01-01,WC001,CANDIES,1200000.0,69999e42-deb9-4c77-861e-045a397d8409
2026-01-01,WC001,GUMS,900000.0,063b937c-1fae-46fd-be2e-36a58fa95462
2026-01-01,DJ001,SPREADS,3000000.0,65a89941-93c3-43a5-a63f-0a8ea24e2faa
2026-01-01,DJ001,CHOCOLATES,750000.0,20d5f842-3092-4aa9-87d6-8280b167bedd
2026-01-01,DJ001,BEVERAGES,550000.0,51f5e763-08b9-4230-8fcb-d19d9268228a
2026-01-01,DJ001,CANDIES,400000.0,7f28b089-6d1b-49bd-abc1-36397c92137e
2026-01-01,DJ001,GUMS,300000.0,15baf9f6-07ad-4daa-9c74-904b70b33cdf
2026-01-01,DD001,SPREADS,6000000.0,7a62e4b7-c130-4315-920f-20b3e855c185
2026-01-01,DD001,CHOCOLATES,1500000.0,2ba51b47-ad14-4cd8-8f76-dcac466d517f
2026-01-01,DD001,BEVERAGES,1100000.0,c4926a41-076a-4469-8f78-7cbfe9fea708
2026-01-01,DD001,CANDIES,800000.0,c9c882ce-9e83-4cee-b57c-faeb8ed157ce
2026-01-01,DD001,GUMS,600000.0,1b558340-19d6-49cf-bd2b-d58e2ceaadde
2026-01-01,AE001,SPREADS,3000000.0,2fd852c4-1f76-45f1-b298-a0b09e9f3b63
2026-01-01,AE001,CHOCOLATES,750000.0,0b6fc945-4035-4c7e-81f8-73b858bf077b
2026-01-01,AE001,BEVERAGES,550000.0,82ef8d39-11dc-4a8d-a6c0-9398dee572db
2026-01-01,AE001,CANDIES,400000.0,679a5720-6d6d-4d1d-80d7-566b1f0319fa
2026-01-01,AE001,GUMS,300000.0,7c0d2826-2ff1-497d-aef9-d8fc860bbdfa
2026-01-01,BE001,SPREADS,6000000.0,de801f19-6671-4178-9c3d-a43c6a36363a
2026-01-01,BE001,CHOCOLATES,1500000.0,68e08d4d-167e-4977-ab10-0a081078f53e
2026-01-01,BE001,BEVERAGES,1100000.0,cad90333-18ec-4ea0-8654-a2eb34d07b11
2026-01-01,BE001,CANDIES,800000.0,bbc78d95-a8c0-4c00-918d-ab31d0686797
2026-01-01,BE001,GUMS,600000.0,d1d20d93-f1f1-4257-a9a5-5e55497c7ae9
2026-02-01,AK001,SPREADS,6000000.0,7dd265cc-0e75-44f6-939c-2c22efebd412
2026-02-01,AK001,CHOCOLATES,1500000.0,91d941e4-4c70-4971-b7c1-8fc2d6339303
2026-02-01,AK001,BEVERAGES,1100000.0,0c8030a1-25c7-4c4a-bcd7-29dde8e1ced2
2026-02-01,AK001,CANDIES,800000.0,a954f179-1480-4648-a671-ddd89044ef00
2026-02-01,AK001,GUMS,600000.0,c090c9f5-fa5a-4cec-8715-c2d49e74f4d4
2026-02-01,BA001,SPREADS,5720000.0,6f79557e-537b-4532-9b22-955a17be41ea
2026-02-01,BA001,CHOCOLATES,3740000.0,deeea092-c49e-4a6a-9279-a2f61d90c2ce
2026-02-01,BA001,BEVERAGES,1540000.0,b21727be-49ac-4273-93c7-5c6d22e9420f
2026-02-01,BA001,CANDIES,7699999.999999999,b476430c-1513-46ca-9ba0-e7baa54063c5
2026-02-01,BA001,GUMS,3300000.0,1513376a-2afb-4ef2-bec7-a3a918bbf3c8
2026-02-01,BS001,SPREADS,3900000.0,c0b37ee6-be9d-42d6-8c09-0f57feb26576
2026-02-01,BS001,CHOCOLATES,2550000.0,7fb0cc8f-12ab-4082-8e08-43dd63ee7b3e
2026-02-01,BS001,BEVERAGES,1050000.0,d1a7695d-c4b8-4068-afa1-9b97f068d7b5
2026-02-01,BS001,CANDIES,5250000.0,90ca5987-7928-402d-b2c8-cc4f89e75ae0
2026-02-01,BS001,GUMS,2250000.0,d5d6458e-f14e-48d8-a246-f99d99397749
2026-02-01,BR001,SPREADS,12000000.0,5355ec41-688d-44ee-b294-b11a4d5f8b2e
2026-02-01,BR001,CHOCOLATES,3000000.0,1386d4b5-df74-4e0f-9dc5-26908f8ddec6
2026-02-01,BR001,BEVERAGES,2200000.0,af38e05e-6a3f-4d91-b26b-69fa86a4807a
2026-02-01,BR001,CANDIES,1600000.0,9d84df2b-ccfd-48f3-8ebf-9dda810bb163
2026-02-01,BR001,GUMS,1200000.0,0e129e07-2a09-4559-b08c-0a374b74d590
2026-02-01,ES001,SPREADS,21000000.0,27ef6b24-56e2-4e54-b127-29f2e6a756fa
2026-02-01,ES001,CHOCOLATES,5250000.0,2162708a-a36f-4056-a0f0-56d9659c6fe2
2026-02-01,ES001,BEVERAGES,3850000.0,4c3e9481-f9aa-4133-b746-5ed0b84a4b1b
2026-02-01,ES001,CANDIES,2800000.0,36091e30-20a6-4c70-aed4-6007f07f0fa0
2026-02-01,ES001,GUMS,2100000.0,9a2082e5-47fe-47f8-ad36-cc51bae683ec
2026-02-01,EE001,SPREADS,19200000.0,71eca09d-e572-47b0-a451-f85cd2f9abe5
2026-02-01,EE001,CHOCOLATES,4800000.0,65ac60da-4ec9-4914-9c1f-74f4a9b898e0
2026-02-01,EE001,BEVERAGES,3520000.0,36e4e38b-eaa0-495f-bef0-458af6487e31
2026-02-01,EE001,CANDIES,2560000.0,a66ef652-1fa2-4400-894b-ca9fbdad99b0
2026-02-01,EE001,GUMS,1920000.0,601e105a-5dfc-4951-909f-4728f2beacd9
2026-02-01,KM001,SPREADS,3000000.0,7a82d4fe-a090-4329-8591-e1e4c9520874
2026-02-01,KM001,CHOCOLATES,750000.0,d09e795e-6b14-4fa5-a8f6-525e5a105e68
2026-02-01,KM001,BEVERAGES,550000.0,df86f743-cbc0-4dfa-8b5c-04f260ec49fd
2026-02-01,KM001,CANDIES,400000.0,061ab48d-d049-4a3f-96dd-02ed89325538
2026-02-01,KM001,GUMS,300000.0,73acbf01-3762-4aee-9052-431453637705
2026-02-01,KB001,SPREADS,24000000.0,a3d49cc8-8e4c-4f75-8b5e-ff65418691e3
2026-02-01,KB001,CHOCOLATES,6000000.0,094d77ea-302d-41ad-b259-c9b95c82803a
2026-02-01,KB001,BEVERAGES,4400000.0,88d100e6-3231-4498-b1b6-70a6f3f3aec1
2026-02-01,KB001,CANDIES,3200000.0,9f53dbe3-16d3-480f-bcd1-9f97ed9c53f7
2026-02-01,KB001,GUMS,2400000.0,d7dda7d0-ad0e-4932-9fd3-ee8706438069
2026-02-01,MC001,SPREADS,6000000.0,bdbb9e6a-8a4b-4b96-aec8-6fdae9ad1cb6
2026-02-01,MC001,CHOCOLATES,1500000.0,c418b5da-86e2-43d1-9161-85c42b64c97f
2026-02-01,MC001,BEVERAGES,1100000.0,48d35a04-21f1-4a60-960d-655b231cc1c4
2026-02-01,MC001,CANDIES,800000.0,3bb766fd-8766-4d54-88fc-760efba0bdcf
2026-02-01,MC001,GUMS,600000.0,6f13bef2-b711-4795-b950-64386586ef92
2026-02-01,NS001,SPREADS,18000000.0,6a53a33f-00b6-4574-9536-b32c0d0d583c
2026-02-01,NS001,CHOCOLATES,4500000.0,ca9ef5e1-c778-41f1-88a2-fff782565b05
2026-02-01,NS001,BEVERAGES,3300000.0,1ea7f535-ebe2-4d22-90c1-a9e0a88b4f75
2026-02-01,NS001,CANDIES,2400000.0,7207ef04-ece6-4731-b2e3-084ab40c9480
2026-02-01,NS001,GUMS,1800000.0,6a66846d-343d-496f-8b0f-5736ef0e37b1
2026-02-01,NA001,SPREADS,9000000.0,6f2367da-b4ac-45d2-a698-0a2557ecb585
2026-02-01,NA001,CHOCOLATES,2250000.0,91ad87f2-999f-4bb1-8f47-cb594ecad39b
2026-02-01,NA001,BEVERAGES,1650000.0,fdec9bb2-c237-4e2b-a695-c411fc7c2903
2026-02-01,NA001,CANDIES,1200000.0,8861caca-446e-4ace-a026-f053b30cacd1
2026-02-01,NA001,GUMS,900000.0,97ad4d7b-3913-49ad-b0ba-f67382cb4dd3
2026-02-01,NM001,SPREADS,3000000.0,4f0d8e7d-8145-4ac1-bf25-314124ff1db9
2026-02-01,NM001,CHOCOLATES,750000.0,d5b20500-5e43-47b3-92a4-3f35e361f429
2026-02-01,NM001,BEVERAGES,550000.0,112a48e8-b801-4338-9b6c-6cd7569542dd
2026-02-01,NM001,CANDIES,400000.0,b8da409e-7d85-4687-85e1-a2b90643013c
2026-02-01,NM001,GUMS,300000.0,6afea056-6c6f-409b-bdfc-e4dbda195c3d
2026-02-01,NC001,SPREADS,3000000.0,26bbe470-5ee2-4bf7-8edb-1c354a14439a
2026-02-01,NC001,CHOCOLATES,750000.0,82581ea7-7be9-455c-853d-469f0edd5871
2026-02-01,NC001,BEVERAGES,550000.0,daeb3c7b-c9a3-41c7-b8a9-c695c467d316
2026-02-01,NC001,CANDIES,400000.0,6ad45020-3d49-45e2-9090-256829fa79e1
2026-02-01,NC001,GUMS,300000.0,25775568-f664-4115-b563-b5dfe53a19fe
2026-02-01,PS001,SPREADS,3900000.0,fc107485-63c4-4962-8432-13d9b054aac7
2026-02-01,PS001,CHOCOLATES,2550000.0,2ff1df65-c4cc-4d0a-82c5-5a3d9e6b84fb
2026-02-01,PS001,BEVERAGES,1050000.0,89f61796-ff51-4158-9842-2e3b0f5d0418
2026-02-01,PS001,CANDIES,5250000.0,d3d83c1e-50ed-40fb-a458-cb4debb5b412
2026-02-01,PS001,GUMS,2250000.0,48124abe-1fe2-4ee3-ad52-93f67053faec
2026-02-01,TA001,SPREADS,12000000.0,894581dd-3b47-43ba-bea9-d808947ff1f1
2026-02-01,TA001,CHOCOLATES,3000000.0,61b78872-5729-4030-aad1-6b71ef9b91b7
2026-02-01,TA001,BEVERAGES,2200000.0,6acc5aa7-a843-4433-9279-fd97e8ef873d
2026-02-01,TA001,CANDIES,1600000.0,798b1134-f774-4543-a1d6-515bb3da046e
2026-02-01,TA001,GUMS,1200000.0,a2c05548-7b8e-4197-80ca-fa130c8b2de7
2026-02-01,TC001,SPREADS,33750000.0,91eadf08-0d08-462e-82d4-7f6878e61ca8
2026-02-01,TC001,CHOCOLATES,27000000.0,83baa1a0-757c-40fd-8b5d-2a75dd6a783e
2026-02-01,TC001,BEVERAGES,12000000.0,1b557792-7249-4558-b90f-7fed7bb54dd0
2026-02-01,TC001,CANDIES,1500000.0,62d7b447-d674-4d18-9fa0-e145ae338c89
2026-02-01,TC001,GUMS,750000.0,947cc0e3-b821-4c97-a764-693f7556ff68
2026-02-01,TM001,SPREADS,21000000.0,7f52a5dd-63d5-4951-9e5d-ad77aeba14f8
2026-02-01,TM001,CHOCOLATES,5250000.0,764eeb0e-476b-40d2-a559-19c9fe8709eb
2026-02-01,TM001,BEVERAGES,3850000.0,23c89230-46f4-4692-ae80-41c79b2d7193
2026-02-01,TM001,CANDIES,2800000.0,ea3448c8-f6c3-4697-9128-5aac8ab2176f
2026-02-01,TM001,GUMS,2100000.0,07c93a55-5f8e-4373-af34-185d80a21cbf
2026-02-01,TG001,SPREADS,19200000.0,8d4f9a54-aaee-4b49-80c7-78d663c473b5
2026-02-01,TG001,CHOCOLATES,4800000.0,46d0f652-95b2-4487-bd42-0a70c56ec94b
2026-02-01,TG001,BEVERAGES,3520000.0,bc4ecf16-43d3-45cc-9235-2f09090b96ae
2026-02-01,TG001,CANDIES,2560000.0,23f7b424-93a0-4f2b-a56c-fd08016b981b
2026-02-01,TG001,GUMS,1920000.0,a9fbb7c6-17de-432f-886f-94e058fb8759
2026-02-01,WC001,SPREADS,9000000.0,7e029a24-e453-48a7-b8c6-1c36c2af6501
2026-02-01,WC001,CHOCOLATES,2250000.0,493d216d-24e2-4758-925f-4c5bf27d171d
2026-02-01,WC001,BEVERAGES,1650000.0,41d64825-9cc5-4d32-b4df-dfacbe6a149f
2026-02-01,WC001,CANDIES,1200000.0,6664a832-0a77-4d26-99b2-d4d1972083f0
2026-02-01,WC001,GUMS,900000.0,00fc25e0-cf1a-4b6c-b677-72d1cb89238a
2026-02-01,DJ001,SPREADS,3000000.0,e5afc522-cf37-44b5-9c64-a8c1d8a0826f
2026-02-01,DJ001,CHOCOLATES,750000.0,33707d73-c928-4447-ade3-bb074eeee33b
2026-02-01,DJ001,BEVERAGES,550000.0,93e7b211-45f9-49f6-a34c-2887f28ebe6c
2026-02-01,DJ001,CANDIES,400000.0,83a6fc7d-fce2-457d-9430-300c456b7356
2026-02-01,DJ001,GUMS,300000.0,26cf9953-8c5c-4a20-924d-9e592da75c1d
2026-02-01,DD001,SPREADS,6000000.0,235f76b1-e601-457c-9164-9f5d2d6cd63b
2026-02-01,DD001,CHOCOLATES,1500000.0,6cdeedc1-1af1-4f3a-8da7-9785ec222fba
2026-02-01,DD001,BEVERAGES,1100000.0,6957623d-196c-40f0-bc35-e2f0a0f5a221
2026-02-01,DD001,CANDIES,800000.0,c67df3d3-f049-4963-8f5c-0160adc3aea6
2026-02-01,DD001,GUMS,600000.0,f3544349-b959-4128-b60f-9b6d98a696b7
2026-02-01,AE001,SPREADS,3000000.0,422f1b94-b576-4507-8d3e-4dac712d0738
2026-02-01,AE001,CHOCOLATES,750000.0,f8cc5c31-9904-4cfb-afe5-35e12979fed2
2026-02-01,AE001,BEVERAGES,550000.0,ca938790-e94f-466b-bc58-deaad5366e83
2026-02-01,AE001,CANDIES,400000.0,25faa519-bd3e-4393-9e8d-07f4ba3f22cd
2026-02-01,AE001,GUMS,300000.0,47dbb0f7-f845-4788-8569-99a788b65e44
2026-02-01,BE001,SPREADS,6000000.0,7ec29602-d2b1-42ae-bcb9-9304d8d32d29
2026-02-01,BE001,CHOCOLATES,1500000.0,4c411901-b549-47af-964e-71bf8c3ddd3a
2026-02-01,BE001,BEVERAGES,1100000.0,87b368b3-df87-41b2-be8e-98cc9b8320df
2026-02-01,BE001,CANDIES,800000.0,2d6964ba-794a-4c05-b2a4-518bd20bc33f
2026-02-01,BE001,GUMS,600000.0,c22d5599-16d9-46c3-bc92-3d3cb61abbd7
2026-03-01,AK001,SPREADS,6000000.0,ba78d33d-32af-482c-b4b2-268deaba7ce1
2026-03-01,AK001,CHOCOLATES,1500000.0,0bdcb2e8-9a3b-4f4d-98ca-efd373f97c15
2026-03-01,AK001,BEVERAGES,1100000.0,777e1d38-a889-4aea-8f7b-62b1851caa22
2026-03-01,AK001,CANDIES,800000.0,d416c633-47d9-4472-ae70-38f218d4df04
2026-03-01,AK001,GUMS,600000.0,b01385e8-bc1b-4880-b1bf-e312f958bc4b
2026-03-01,BA001,SPREADS,5720000.0,3b8f699f-1260-4c74-9497-4263fc3d23c8
2026-03-01,BA001,CHOCOLATES,3740000.0,16ce038d-5286-4956-a3be-8e1f1821927b
2026-03-01,BA001,BEVERAGES,1540000.0,d4241724-db9a-4db4-aab1-45af13c34c94
2026-03-01,BA001,CANDIES,7699999.999999999,aecbfa99-cd8c-48e9-8da0-037532ba2b7c
2026-03-01,BA001,GUMS,3300000.0,a2c8dc69-e665-4377-86c6-f69e0947b3e0
2026-03-01,BS001,SPREADS,3900000.0,ae153e42-77df-4764-b415-83204e35dcd0
2026-03-01,BS001,CHOCOLATES,2550000.0,2001c297-152b-4853-8959-7c435ce1dfb4
2026-03-01,BS001,BEVERAGES,1050000.0,2829a029-8d27-4bcb-a8e4-ad0c7ce2b8d4
2026-03-01,BS001,CANDIES,5250000.0,4bbc776e-a609-4227-b7a3-801bb2882ed8
2026-03-01,BS001,GUMS,2250000.0,e204e182-ef82-4e1b-8a95-ea6595af401f
2026-03-01,BR001,SPREADS,12000000.0,99e0e333-7e8e-4ac0-af91-cd0062563937
2026-03-01,BR001,CHOCOLATES,3000000.0,8e6aa4b9-98d2-4722-9cdc-d8225d386854
2026-03-01,BR001,BEVERAGES,2200000.0,44fcf10b-237c-4bd8-b800-cbc01deb4ec8
2026-03-01,BR001,CANDIES,1600000.0,34a9e4ab-5dbb-4ae3-a6ba-99e6c4cef3d2
2026-03-01,BR001,GUMS,1200000.0,3c7c5331-1c44-476f-9cfa-d41c64093ecc
2026-03-01,ES001,SPREADS,21000000.0,6ea72e7c-36be-495e-9ffb-468966b72c2e
2026-03-01,ES001,CHOCOLATES,5250000.0,30a81c5e-76f5-4659-bf6e-e02548592991
2026-03-01,ES001,BEVERAGES,3850000.0,132bdc5d-87be-4cbc-866e-6783be92e0f2
2026-03-01,ES001,CANDIES,2800000.0,20c9596a-afd3-4eb7-9a88-d460b0aac6e0
2026-03-01,ES001,GUMS,2100000.0,089c3781-793b-40c2-a0d7-89c87800e200
2026-03-01,EE001,SPREADS,19200000.0,db2730f3-b673-4c4e-b7ae-ee0c33174793
2026-03-01,EE001,CHOCOLATES,4800000.0,88679819-ed1b-4dcf-aeb3-c772568ded0d
2026-03-01,EE001,BEVERAGES,3520000.0,51124d6a-c19f-4a52-9650-3f157f30c433
2026-03-01,EE001,CANDIES,2560000.0,efb5459d-e208-4c1c-823d-6f23ec210881
2026-03-01,EE001,GUMS,1920000.0,475d5261-c1ba-40e8-93a3-b8cd43c77492
2026-03-01,KM001,SPREADS,3000000.0,9aa51acf-ba1c-46bc-af48-ecfac1794d0c
2026-03-01,KM001,CHOCOLATES,750000.0,4afd2f0a-76a3-4f6d-98ac-102af09b76db
2026-03-01,KM001,BEVERAGES,550000.0,6a1a69b1-4d12-4735-b76d-892b4c70414d
2026-03-01,KM001,CANDIES,400000.0,4a09676b-892f-426c-a904-4432d60a2e94
2026-03-01,KM001,GUMS,300000.0,8518f04e-f39a-4d78-ad3f-6f78d70bfb46
2026-03-01,KB001,SPREADS,24000000.0,35272a37-a170-40c3-abaf-143c7e3c18eb
2026-03-01,KB001,CHOCOLATES,6000000.0,5d8cdb3c-de78-4b4e-a290-22170f873cab
2026-03-01,KB001,BEVERAGES,4400000.0,bb513713-ebd5-452a-9d5b-808cc007fc91
2026-03-01,KB001,CANDIES,3200000.0,e1150190-2904-4f81-af49-21cb35e235b4
2026-03-01,KB001,GUMS,2400000.0,93cba19a-fb45-49e1-b101-78882c9ab4d2
2026-03-01,MC001,SPREADS,6000000.0,629741d5-4cd9-4893-b2f5-beb6f2a179d9
2026-03-01,MC001,CHOCOLATES,1500000.0,24b7e348-0ea2-4dc5-9460-a18cec969fe1
2026-03-01,MC001,BEVERAGES,1100000.0,49cfe25b-6572-487a-b992-548771898b38
2026-03-01,MC001,CANDIES,800000.0,74041da0-996c-4794-a84d-b4ed9d73c630
2026-03-01,MC001,GUMS,600000.0,7ebb6843-8b3d-412a-b5a6-98629808baa0
2026-03-01,NS001,SPREADS,18000000.0,ba601128-7ffc-4fae-9cd0-e3a4a0a5690c
2026-03-01,NS001,CHOCOLATES,4500000.0,32e0ccb5-f901-419a-a2db-70df30e45682
2026-03-01,NS001,BEVERAGES,3300000.0,8716510b-4911-4a93-8b7f-de6909ccbb88
2026-03-01,NS001,CANDIES,2400000.0,f6d108e6-c060-4ad8-9058-0426b2a4d6bb
2026-03-01,NS001,GUMS,1800000.0,a1e2da53-e825-42af-b4ff-89b504f55714
2026-03-01,NA001,SPREADS,9000000.0,2335d254-f8e8-4c55-9363-7b4e3ba815cb
2026-03-01,NA001,CHOCOLATES,2250000.0,3c2309ef-3b62-4eb4-876f-c5cfbd05a92a
2026-03-01,NA001,BEVERAGES,1650000.0,629ce9d3-1854-4650-8b02-517bdeb3248b
2026-03-01,NA001,CANDIES,1200000.0,239ce1ca-3635-408d-b305-9b0987b48fac
2026-03-01,NA001,GUMS,900000.0,6e45a31e-6e96-4596-8989-9de0bd892a0d
2026-03-01,NM001,SPREADS,3000000.0,cf12c5c6-5b34-4553-befe-109783eae604
2026-03-01,NM001,CHOCOLATES,750000.0,a3319d24-43e2-42c8-ae43-91c8050b4f5a
2026-03-01,NM001,BEVERAGES,550000.0,23e4d28e-2eb5-4760-9bc7-ace925cb3f81
2026-03-01,NM001,CANDIES,400000.0,af80b092-96f6-4bc2-a235-5a9aa2eefefc
2026-03-01,NM001,GUMS,300000.0,8882100c-692d-4270-962f-98d4cf5dfca6
2026-03-01,NC001,SPREADS,3000000.0,ca8db2b4-869a-4ce2-a00c-a0f39df61c42
2026-03-01,NC001,CHOCOLATES,750000.0,546c8629-005a-4555-9db9-09d7b8d78d2a
2026-03-01,NC001,BEVERAGES,550000.0,372f92d5-e7fa-48c2-9f08-a16a7373e861
2026-03-01,NC001,CANDIES,400000.0,b0874be4-aed9-40c6-bd02-afea603206d7
2026-03-01,NC001,GUMS,300000.0,dfbcd8f0-d4ca-4f07-8f14-cf82f5d13be3
2026-03-01,PS001,SPREADS,3900000.0,07a64ecf-3129-49e0-b093-3eb43691439b
2026-03-01,PS001,CHOCOLATES,2550000.0,a10327b5-d23e-4a81-9a6a-9fdb241aa575
2026-03-01,PS001,BEVERAGES,1050000.0,d31d4284-80e9-4022-82f1-eb8542a20123
2026-03-01,PS001,CANDIES,5250000.0,edccc383-66df-4445-8fc5-348a4f4a24a4
2026-03-01,PS001,GUMS,2250000.0,bbff3928-1fb4-4a56-80dc-0cfa35f32f37
2026-03-01,TA001,SPREADS,12000000.0,8abd8954-86cd-4130-b1b8-62f1a7d2ea5b
2026-03-01,TA001,CHOCOLATES,3000000.0,92cec847-468e-41c2-a311-a686c1e264bd
2026-03-01,TA001,BEVERAGES,2200000.0,82b4d318-4b1e-4821-90b4-e7127935f565
2026-03-01,TA001,CANDIES,1600000.0,d05b37c0-14b7-4c17-8152-9142ebf9c8ea
2026-03-01,TA001,GUMS,1200000.0,e51d0678-95ba-4e62-b186-a38719cf2620
2026-03-01,TC001,SPREADS,33750000.0,056091d8-748d-46ac-879c-c7b8f67d7447
2026-03-01,TC001,CHOCOLATES,27000000.0,cfc24a04-73f8-4fd2-afb0-8aec42052c82
2026-03-01,TC001,BEVERAGES,12000000.0,1cc7901d-282c-4f01-afa1-21696288f8bc
2026-03-01,TC001,CANDIES,1500000.0,ceaba5ee-1e98-4f89-8011-794fee4d4b1a
2026-03-01,TC001,GUMS,750000.0,761bb0cb-e89f-4578-90a1-9d5b479af9a5
2026-03-01,TM001,SPREADS,21000000.0,1787ac05-ea01-4404-a849-d1a1bc24b78d
2026-03-01,TM001,CHOCOLATES,5250000.0,22359b95-88ac-4474-87cb-d51ff3727f6f
2026-03-01,TM001,BEVERAGES,3850000.0,6e2b7b3e-1745-4835-a9df-14eb7b1fbb26
2026-03-01,TM001,CANDIES,2800000.0,1396fa0d-6aae-4ee7-a1b3-bdd091f4a434
2026-03-01,TM001,GUMS,2100000.0,d02f3c08-95e8-49dd-adca-b597819a1008
2026-03-01,TG001,SPREADS,19200000.0,066fab7a-dfd9-4e7e-9e1d-87f845da5709
2026-03-01,TG001,CHOCOLATES,4800000.0,675112df-8c26-4485-a380-6af4a166dbca
2026-03-01,TG001,BEVERAGES,3520000.0,68cf5b5b-395f-468d-a469-4f3710c1ad52
2026-03-01,TG001,CANDIES,2560000.0,22be9ec0-f031-4dd6-9100-731862468045
2026-03-01,TG001,GUMS,1920000.0,564df183-6c55-4b6d-88ef-81691b295d52
2026-03-01,WC001,SPREADS,9000000.0,30d3ac6a-1e17-430e-86ce-2a3b8ff0b2c4
2026-03-01,WC001,CHOCOLATES,2250000.0,2f0fb07b-15ed-4190-9949-94966e3f33f0
2026-03-01,WC001,BEVERAGES,1650000.0,b0a72476-d451-4df4-a9b8-b0fa0238c2ab
2026-03-01,WC001,CANDIES,1200000.0,ab16af89-9aea-4ba7-aa75-3cfa9ea9c761
2026-03-01,WC001,GUMS,900000.0,434cb111-5851-4321-8114-7fa645eb3519
2026-03-01,DJ001,SPREADS,3000000.0,ff98ec96-df88-48dc-8a6a-a00a03f02a8a
2026-03-01,DJ001,CHOCOLATES,750000.0,a9927725-8efb-4f36-b87e-adc76edebd94
2026-03-01,DJ001,BEVERAGES,550000.0,5a2bd7b3-ec99-4494-8e92-7b93f2d8cc20
2026-03-01,DJ001,CANDIES,400000.0,52b3fb38-3572-4b99-b25a-7f0b2224e92c
2026-03-01,DJ001,GUMS,300000.0,7791e2c9-8311-4631-b43c-1358d5a19788
2026-03-01,DD001,SPREADS,6000000.0,dd6f4c72-4ed3-481c-9a0f-b9c5ce7502df
2026-03-01,DD001,CHOCOLATES,1500000.0,d05640da-4910-4c40-bb53-7e5e5f608faf
2026-03-01,DD001,BEVERAGES,1100000.0,9cd890b8-5fa0-4ef7-bf25-16e5b58c986d
2026-03-01,DD001,CANDIES,800000.0,c5b30ffb-afbf-458c-993f-b3eb8eef3a3b
2026-03-01,DD001,GUMS,600000.0,6b37038e-6f81-4b6b-9457-c7b772634a7f
2026-03-01,AE001,SPREADS,3000000.0,6e748ef8-6b5e-4bdb-8246-aae342918fa0
2026-03-01,AE001,CHOCOLATES,750000.0,4ba9b8fc-229a-49e7-b810-b05220490c62
2026-03-01,AE001,BEVERAGES,550000.0,b131e8cd-3c03-45b6-a0e9-6a262784cedb
2026-03-01,AE001,CANDIES,400000.0,38fb667f-fe73-4b29-bc3b-698448f1bab2
2026-03-01,AE001,GUMS,300000.0,aaadb69a-9914-4e61-9d22-ab9d4d750868
2026-03-01,BE001,SPREADS,6000000.0,5e08e4cc-eabb-430f-a4a0-6769a4accbdf
2026-03-01,BE001,CHOCOLATES,1500000.0,a3fbb466-3e17-44b9-806d-95566bdfb8d6
2026-03-01,BE001,BEVERAGES,1100000.0,5cf01b5c-3194-4b75-b59c-1cb7bef178ee
2026-03-01,BE001,CANDIES,800000.0,08c3b398-be61-44c9-8d8b-26acaa8cb991
2026-03-01,BE001,GUMS,600000.0,73e7a314-6145-4cc9-a86c-e4b4dfbbf0ab
2026-04-01,AK001,SPREADS,6500000.0,a0a2a13d-f634-4738-bf12-919b031b6ecd
2026-04-01,AK001,CHOCOLATES,1500000.0,b0affdf5-7df1-4efe-92a0-dbd844cf42a9
2026-04-01,AK001,BEVERAGES,600000.0,35a7fc03-3997-4576-851b-909c90bb7d4e
2026-04-01,AK001,CANDIES,800000.0,97654416-2608-418b-85e3-a9ab0da74daa
2026-04-01,AK001,GUMS,600000.0,3e214184-c839-4eb6-97de-9eb5c4645d78
2026-04-01,BA001,SPREADS,6600000.0,93eee0eb-ffa9-4e89-950a-be09824f6138
2026-04-01,BA001,CHOCOLATES,3740000.0,8028d734-bcb0-4b47-907a-a543917df575
2026-04-01,BA001,BEVERAGES,440000.0,2de2d183-9f88-45f8-8a6f-4d494246ef20
2026-04-01,BA001,CANDIES,7699999.999999999,9b692b8d-c2a2-4880-81bf-ccd133531a90
2026-04-01,BA001,GUMS,3520000.0,ad270ff9-c3ba-4c12-8ef0-421e10c8ded9
2026-04-01,BS001,SPREADS,4500000.0,e0f39680-7b44-447c-ac01-370f609b7e9f
2026-04-01,BS001,CHOCOLATES,2550000.0,02de13cc-ea76-476f-988c-cfb74f3c7cd2
2026-04-01,BS001,BEVERAGES,300000.0,f2d1004d-eb4a-4db5-8eec-b679526fb716
2026-04-01,BS001,CANDIES,5250000.0,43d0e0d1-2570-4acd-9525-1009a7749566
2026-04-01,BS001,GUMS,2400000.0,fcdb6094-0c72-4ba7-8a8b-1ac73043f2f4
2026-04-01,BR001,SPREADS,20800000.0,2e71302f-6dca-4bdc-97d4-aa62c73a05c5
2026-04-01,BR001,CHOCOLATES,4800000.0,3749a930-7499-42bc-8918-d091ac040575
2026-04-01,BR001,BEVERAGES,1920000.0,f6db7192-198c-4e98-982b-8fca5593e76b
2026-04-01,BR001,CANDIES,2560000.0,65b41208-bcd6-46cd-ade9-ba7bccb908f6
2026-04-01,BR001,GUMS,1920000.0,384f8ac9-378f-453f-9f7c-ccb88355043f
2026-04-01,ES001,SPREADS,22750000.0,9dd72f9b-3ecc-4027-8700-c9e52f55b90c
2026-04-01,ES001,CHOCOLATES,5250000.0,a33116e1-d370-4590-a58c-22b5127afe80
2026-04-01,ES001,BEVERAGES,2100000.0,a2195e78-769d-41e1-abeb-e48bf6940fcd
2026-04-01,ES001,CANDIES,2800000.0,57cc2a9c-fdc6-4207-9c54-d8e4c96a252a
2026-04-01,ES001,GUMS,2100000.0,691259ad-39db-4926-9ed3-2fa7b4285385
2026-04-01,EE001,SPREADS,20800000.0,6b592c33-330e-423f-a1cc-66099a71ea08
2026-04-01,EE001,CHOCOLATES,4800000.0,04a01a92-f3d1-4a51-ae2c-59b314e978a6
2026-04-01,EE001,BEVERAGES,1920000.0,e2da216f-6075-40f9-9e8c-aa0bc2ce8b06
2026-04-01,EE001,CANDIES,2560000.0,fed302d5-0db1-4137-af66-f1dfa092b78e
2026-04-01,EE001,GUMS,1920000.0,c89cd6d2-c495-4f7b-895c-b37be21ea8f6
2026-04-01,KM001,SPREADS,3250000.0,3c549e64-9388-4b5d-89e6-d35dac4023e2
2026-04-01,KM001,CHOCOLATES,750000.0,86ccce9a-173f-4385-a403-5a63c2db708f
2026-04-01,KM001,BEVERAGES,300000.0,56f03358-a2f6-4629-90b4-107e90f1ed06
2026-04-01,KM001,CANDIES,400000.0,bbd67d7b-5538-46e5-ab92-2575bf7b0ef1
2026-04-01,KM001,GUMS,300000.0,758876a1-5905-4019-a777-0e9aba8077cb
2026-04-01,KB001,SPREADS,16250000.0,196d8d6d-de28-4b2e-9ad6-b12e026d380a
2026-04-01,KB001,CHOCOLATES,3750000.0,f60fb7ba-4063-4168-b1c2-ea91d2002195
2026-04-01,KB001,BEVERAGES,1500000.0,ac13df70-3c77-4c5d-aacc-bde2cb83ed9c
2026-04-01,KB001,CANDIES,2000000.0,8a8a2262-e19f-4ff1-b110-b6e9a72b463e
2026-04-01,KB001,GUMS,1500000.0,7e8d5c74-7295-4b4e-b2c1-3340576bbbff
2026-04-01,MC001,SPREADS,6500000.0,9e22b0be-e68d-4611-b4d8-a75d5e1bb78b
2026-04-01,MC001,CHOCOLATES,1500000.0,25df4ac1-3fcb-41ab-95a4-32670e05b284
2026-04-01,MC001,BEVERAGES,600000.0,6285ae0b-2d73-4557-8fe6-f1bacb6db178
2026-04-01,MC001,CANDIES,800000.0,255c7e7c-55b2-48c2-990a-4d8df81ef28c
2026-04-01,MC001,GUMS,600000.0,b4719d1b-8056-47fd-9291-b57197cb3ef4
2026-04-01,NS001,SPREADS,19500000.0,07cee8fe-35cd-43d0-a6c6-ceae34caab0c
2026-04-01,NS001,CHOCOLATES,4500000.0,2864a179-f818-49ac-a095-9e787346e669
2026-04-01,NS001,BEVERAGES,1800000.0,675eb1b8-cc13-46f8-906f-933998ce2b05
2026-04-01,NS001,CANDIES,2400000.0,58e86b1a-ced7-47f5-a53a-e153fb108a43
2026-04-01,NS001,GUMS,1800000.0,7b80eeaa-6542-4689-8443-e29179289af7
2026-04-01,NA001,SPREADS,9750000.0,7776067e-11dd-4f9f-9ab2-b9720a08aa67
2026-04-01,NA001,CHOCOLATES,2250000.0,fda499c6-4986-4ef2-96ab-daaf0ff66006
2026-04-01,NA001,BEVERAGES,900000.0,17fed319-67f8-4818-8f32-89680f35d6a9
2026-04-01,NA001,CANDIES,1200000.0,8f113109-6d81-4303-b0d6-bdad964c9faf
2026-04-01,NA001,GUMS,900000.0,f0653d70-92a3-4459-b413-26c7d248df32
2026-04-01,NM001,SPREADS,3250000.0,d85e6746-0147-495f-a020-ba00f53dff2e
2026-04-01,NM001,CHOCOLATES,750000.0,1acc1d8f-622c-4690-ba75-3f76f467ba34
2026-04-01,NM001,BEVERAGES,300000.0,69d68677-83d4-4523-ac74-2de9781c9e2f
2026-04-01,NM001,CANDIES,400000.0,cc7425ff-d8ee-46bb-85bd-7ce8e1444b98
2026-04-01,NM001,GUMS,300000.0,7541c137-cb7a-447f-a77e-69fe03b046ae
2026-04-01,NC001,SPREADS,3250000.0,ff351717-b443-4225-8237-f87b981066ca
2026-04-01,NC001,CHOCOLATES,750000.0,22e30fde-c844-489e-8290-ed7981838c4d
2026-04-01,NC001,BEVERAGES,300000.0,b75f526e-6424-4c6f-adeb-d7676b402a75
2026-04-01,NC001,CANDIES,400000.0,9da2d800-a08d-4753-84e2-a382569f4454
2026-04-01,NC001,GUMS,300000.0,948acb6b-7667-4925-b3e2-a6df8d87e95c
2026-04-01,PS001,SPREADS,4500000.0,6af9f571-d41a-4e96-a387-26a0482addc8
2026-04-01,PS001,CHOCOLATES,2550000.0,2bb0e1d9-4c42-4286-bc26-b40222ca8aa3
2026-04-01,PS001,BEVERAGES,300000.0,da50f8c3-ed27-4521-857e-ddafebb50add
2026-04-01,PS001,CANDIES,5250000.0,62b38114-6a82-437c-8ab3-dfea69ff731a
2026-04-01,PS001,GUMS,2400000.0,ac222f35-c9dd-4f6e-a571-e31d36df59ef
2026-04-01,TA001,SPREADS,13000000.0,a1b23287-1a31-4079-ae73-63c1f78a215f
2026-04-01,TA001,CHOCOLATES,3000000.0,6a8afd8e-0394-4217-b010-8a5431b3e4f4
2026-04-01,TA001,BEVERAGES,1200000.0,4e9c293a-ef14-4a6e-98fe-12f688710d18
2026-04-01,TA001,CANDIES,1600000.0,4d36d959-7ca4-41c6-81df-fb25f5c7f045
2026-04-01,TA001,GUMS,1200000.0,49c02bd2-e870-4d6d-a813-9be7d25adf7d
2026-04-01,TC001,SPREADS,42750000.0,8a9f45a7-c598-49de-951e-151c18590676
2026-04-01,TC001,CHOCOLATES,36100000.0,f8185ed3-778b-499e-9599-e8843c735b51
2026-04-01,TC001,BEVERAGES,13300000.0,80583b94-b21a-4717-be0a-57ca17bea060
2026-04-01,TC001,CANDIES,1900000.0,c1f24834-4f95-43ca-b499-0366f26c8af6
2026-04-01,TC001,GUMS,950000.0,4d9bb8c7-dcea-4c06-abbe-84ba927d0974
2026-04-01,TM001,SPREADS,22750000.0,6e8ccc5d-dc83-463c-8f16-9bdcee11f776
2026-04-01,TM001,CHOCOLATES,5250000.0,2bbcb19b-15db-4565-8535-63e4290a361d
2026-04-01,TM001,BEVERAGES,2100000.0,8c38f079-c5d6-4642-8041-6362649993b1
2026-04-01,TM001,CANDIES,2800000.0,efe61bd9-a52f-400d-b7d7-501b61e269b9
2026-04-01,TM001,GUMS,2100000.0,14766ba0-fbb8-4c4f-aabc-3215a4745131
2026-04-01,TG001,SPREADS,20800000.0,1824a503-b372-40b7-b235-b1b504f10be8
2026-04-01,TG001,CHOCOLATES,4800000.0,fef0868b-87fc-4c1e-a3ed-74b1111cd999
2026-04-01,TG001,BEVERAGES,1920000.0,e8c95e0f-6587-42b6-a34a-594c9f0a3613
2026-04-01,TG001,CANDIES,2560000.0,d916e9e7-4bf2-4d55-87a5-dfce2b865333
2026-04-01,TG001,GUMS,1920000.0,0353f906-528b-4f46-8115-899a8325f947
2026-04-01,WC001,SPREADS,9750000.0,81d48ac4-421e-42c3-9152-2714e9dffe3b
2026-04-01,WC001,CHOCOLATES,2250000.0,bf3e61da-e390-4c82-8241-a49d9cc4d98c
2026-04-01,WC001,BEVERAGES,900000.0,9b7a4ddb-06eb-423c-a337-87b503d39545
2026-04-01,WC001,CANDIES,1200000.0,e489ec8c-2559-4853-a150-926c62a942c1
2026-04-01,WC001,GUMS,900000.0,30fa96bd-1c1d-44f7-b585-a03a39ed23e0
2026-04-01,DJ001,SPREADS,3250000.0,9188f606-7bae-4e20-a72a-d8fce57b0c3d
2026-04-01,DJ001,CHOCOLATES,750000.0,60d5d494-a039-4e07-b3ff-5bcfc92fa6d3
2026-04-01,DJ001,BEVERAGES,300000.0,6f3aa58f-4a7b-4695-a005-fac6de48adce
2026-04-01,DJ001,CANDIES,400000.0,20429052-1b19-4050-82c1-6272ccaf8061
2026-04-01,DJ001,GUMS,300000.0,43d4e043-a58b-4ca1-8789-35e61b1d43e8
2026-04-01,DD001,SPREADS,6500000.0,3d6791e6-9fce-41f0-8075-da3c9198cc3c
2026-04-01,DD001,CHOCOLATES,1500000.0,cf1dbd2a-3b2d-4088-a90e-306878ccc5ae
2026-04-01,DD001,BEVERAGES,600000.0,6c973026-d152-4fe1-b889-22654436d80e
2026-04-01,DD001,CANDIES,800000.0,f5be119b-e37b-4bca-bde7-464fde51d11e
2026-04-01,DD001,GUMS,600000.0,485b9bc3-4181-4a38-a642-54a68d69a50e
2026-04-01,AE001,SPREADS,3250000.0,bc33023a-47dd-4d6a-8f13-ac4ab56a0ae1
2026-04-01,AE001,CHOCOLATES,750000.0,962dc2be-bb58-4011-aeda-148cb89d60f7
2026-04-01,AE001,BEVERAGES,300000.0,b8aba6aa-3439-45f9-b631-f4e0f99b3363
2026-04-01,AE001,CANDIES,400000.0,045bb22c-fe55-4b9d-a297-649af92a5d8f
2026-04-01,AE001,GUMS,300000.0,cdb627d6-fcf0-410d-80e9-eed5071be491
2026-04-01,BE001,SPREADS,6500000.0,7b743242-76b2-4547-a4db-ca8c0551f754
2026-04-01,BE001,CHOCOLATES,1500000.0,19cd0920-9c50-4c14-ba30-de517fb95bcf
2026-04-01,BE001,BEVERAGES,600000.0,1308ce87-33fb-478c-b9cf-6519b8a1b1ce
2026-04-01,BE001,CANDIES,800000.0,352b89c2-59be-4c78-a618-0c135c9a0ce4
2026-04-01,BE001,GUMS,600000.0,79a66cfe-2706-42db-ab2c-fee76478ae5d
2026-05-01,AK001,SPREADS,6500000.0,87089533-219d-4988-9d1f-dc101230adc4
2026-05-01,AK001,CHOCOLATES,1500000.0,95c49f86-db4c-41ac-bef9-a442287f7d44
2026-05-01,AK001,BEVERAGES,600000.0,db0bf735-3488-4c08-b31b-972a348babae
2026-05-01,AK001,CANDIES,800000.0,dd32d8d2-b4d6-43ce-b087-63f34b49e12e
2026-05-01,AK001,GUMS,600000.0,9e1c832a-4154-4c72-ba1b-46817fdae3cc
2026-05-01,BA001,SPREADS,6600000.0,b2689df2-8f67-4d54-9d98-60ab367f5cd9
2026-05-01,BA001,CHOCOLATES,3740000.0,7a610f4b-5113-413e-9646-88a83446e38e
2026-05-01,BA001,BEVERAGES,440000.0,a416dad1-96ba-434a-a653-dae2580ab8b4
2026-05-01,BA001,CANDIES,7699999.999999999,d597017b-4040-423c-bfdd-07b6d48f12cb
2026-05-01,BA001,GUMS,3520000.0,66e7b19d-7263-4722-b6a5-abdab832682d
2026-05-01,BS001,SPREADS,4500000.0,de66f5fa-8ac6-4b1c-aaa5-56e893c8d052
2026-05-01,BS001,CHOCOLATES,2550000.0,c9780b98-19c7-4495-951f-6d4c0b299ffd
2026-05-01,BS001,BEVERAGES,300000.0,9d830983-a818-449c-b1ff-d6302879ea7e
2026-05-01,BS001,CANDIES,5250000.0,f1e67f57-2b76-449e-8c90-a924e36757a4
2026-05-01,BS001,GUMS,2400000.0,f10f39a6-8d6b-4727-915a-c99046d84108
2026-05-01,BR001,SPREADS,20800000.0,3e3696be-9f55-419c-bdc3-f906c0a2157f
2026-05-01,BR001,CHOCOLATES,4800000.0,073516de-a64f-4d1a-98b8-cf4dcbe6e271
2026-05-01,BR001,BEVERAGES,1920000.0,ace02741-095b-4f97-8624-13842210342a
2026-05-01,BR001,CANDIES,2560000.0,e3fe16ac-9184-48cc-9966-ae0e12cee022
2026-05-01,BR001,GUMS,1920000.0,482c4daa-ddcd-49e1-8f54-531c53afa6da
2026-05-01,ES001,SPREADS,22750000.0,9c9c5266-2fb1-488a-b000-75926473ef47
2026-05-01,ES001,CHOCOLATES,5250000.0,3cdcadf7-5422-4e9b-8925-781efe5ab216
2026-05-01,ES001,BEVERAGES,2100000.0,55337c2a-258b-42f7-abdb-702391621c81
2026-05-01,ES001,CANDIES,2800000.0,04b5ebf9-af69-4efa-bb4d-0ea3a6fc856d
2026-05-01,ES001,GUMS,2100000.0,20967726-4c04-4a92-bcaf-d0304d13979e
2026-05-01,EE001,SPREADS,20800000.0,46d4ac16-9b15-412a-aac0-c5da1797b34d
2026-05-01,EE001,CHOCOLATES,4800000.0,45bad5ab-675a-4944-95b2-f9811cd763c7
2026-05-01,EE001,BEVERAGES,1920000.0,a437c7b1-d185-4fd2-8e0c-e54ab58f9122
2026-05-01,EE001,CANDIES,2560000.0,1270b34f-d80a-416e-9720-3657926b4bb6
2026-05-01,EE001,GUMS,1920000.0,318a4788-66f2-4c76-881d-7706629665db
2026-05-01,KM001,SPREADS,3250000.0,1fb57b1c-2b0a-4a58-8084-08bf9e343c90
2026-05-01,KM001,CHOCOLATES,750000.0,0c3ef2b5-6ad8-4fd8-a8ef-2104dd9d7654
2026-05-01,KM001,BEVERAGES,300000.0,3200b3e1-112d-4fa6-8f7e-3e840ceea61d
2026-05-01,KM001,CANDIES,400000.0,5a9487ea-9e2e-435e-bd70-5425f279036a
2026-05-01,KM001,GUMS,300000.0,4f9cbb58-2934-4db0-8c18-cc7e066d4953
2026-05-01,KB001,SPREADS,16250000.0,e142841f-3edb-46f6-a828-7c10200350b1
2026-05-01,KB001,CHOCOLATES,3750000.0,f32f6a3f-66b3-49b4-94e8-74a01a2d8529
2026-05-01,KB001,BEVERAGES,1500000.0,02551f32-729f-4eb6-8a7d-4ecc8c00ae1c
2026-05-01,KB001,CANDIES,2000000.0,2c07cbbb-6aa8-4c22-acc7-75735fcee79a
2026-05-01,KB001,GUMS,1500000.0,7bc32c2a-9cef-4422-a679-4448b24cedd6
2026-05-01,MC001,SPREADS,6500000.0,d745d087-7c2e-4ea9-9103-0e33aec7f244
2026-05-01,MC001,CHOCOLATES,1500000.0,6f49a101-daa1-40b4-a84e-831971320c03
2026-05-01,MC001,BEVERAGES,600000.0,02903048-8856-4c93-8616-c087aee282f3
2026-05-01,MC001,CANDIES,800000.0,3d3116a0-081b-43bb-b3bc-c809be092b2d
2026-05-01,MC001,GUMS,600000.0,2507bae8-b1fd-4d4f-9215-b9515d99f055
2026-05-01,NS001,SPREADS,19500000.0,90ba276c-f19b-4fb8-baaf-16f09bba6575
2026-05-01,NS001,CHOCOLATES,4500000.0,a4447baf-5672-4c69-9bea-6629c105f0e8
2026-05-01,NS001,BEVERAGES,1800000.0,9a07bb7b-a5b3-49b3-aa86-c891df4474c9
2026-05-01,NS001,CANDIES,2400000.0,4f25cb15-e040-48c2-8523-6c848d1204e1
2026-05-01,NS001,GUMS,1800000.0,808fc39a-5df4-43e8-b0c0-8c04e7f6194d
2026-05-01,NA001,SPREADS,9750000.0,7f895040-c089-4d3f-b594-b31fb0c124b9
2026-05-01,NA001,CHOCOLATES,2250000.0,a1a7d238-d08e-44a9-a354-891988703e90
2026-05-01,NA001,BEVERAGES,900000.0,ea385f07-ac0d-447a-91bd-408ef8af0355
2026-05-01,NA001,CANDIES,1200000.0,6c022b06-a4de-4e04-9d29-d12d0074570c
2026-05-01,NA001,GUMS,900000.0,5f8a887b-d693-4f5c-83e5-fe93c2cfe749
2026-05-01,NM001,SPREADS,3250000.0,bc627924-a030-4058-a056-b03876f79501
2026-05-01,NM001,CHOCOLATES,750000.0,b32625a4-95ec-4236-afd3-8137de588aa1
2026-05-01,NM001,BEVERAGES,300000.0,d4ce2d11-0325-4b81-b7e9-78604e83745a
2026-05-01,NM001,CANDIES,400000.0,500cc490-78da-4bf9-8fcc-691f5852814a
2026-05-01,NM001,GUMS,300000.0,f8127f7c-5055-41e6-b496-a7c40c68d0e0
2026-05-01,NC001,SPREADS,6750000.0,da943dbb-0b38-4eed-93a4-5d784b684833
2026-05-01,NC001,CHOCOLATES,5700000.0,a3ff412a-1f5d-48ee-8d51-8f3963bdbb0c
2026-05-01,NC001,BEVERAGES,2100000.0,d4267080-5c10-4cc1-a76b-718c10dbed65
2026-05-01,NC001,CANDIES,300000.0,76d395d2-e014-4652-a25a-331ed93947ee
2026-05-01,NC001,GUMS,150000.0,355b9a88-838a-4e7d-b510-c228f5566f9f
2026-05-01,PS001,SPREADS,4500000.0,59fb694e-6302-4c28-a9c1-3e8b7ac02a0b
2026-05-01,PS001,CHOCOLATES,2550000.0,f12a85af-e1cf-4769-ba70-8f748a1bc1bb
2026-05-01,PS001,BEVERAGES,300000.0,a8a44b6f-2766-4623-9d06-619290e7f403
2026-05-01,PS001,CANDIES,5250000.0,ae724ae6-7e32-4d18-a298-7623f574b514
2026-05-01,PS001,GUMS,2400000.0,7a96facb-6133-42dc-ba14-10425736c387
2026-05-01,TA001,SPREADS,13000000.0,fa73a261-7909-4b7e-8f4c-a7dae594b088
2026-05-01,TA001,CHOCOLATES,3000000.0,caaddac5-5c4a-46b3-b309-3ad15ff407d8
2026-05-01,TA001,BEVERAGES,1200000.0,afcd0623-667b-4c9e-8e8b-ad76f879e99f
2026-05-01,TA001,CANDIES,1600000.0,28337b00-9f45-4e7f-beb2-08977cedabe1
2026-05-01,TA001,GUMS,1200000.0,15014739-b792-4dc2-b95d-1c16c26f963c
2026-05-01,TC001,SPREADS,42750000.0,4bdb1443-99f9-45e7-a144-df3ee1916a94
2026-05-01,TC001,CHOCOLATES,36100000.0,44c7b8c3-2596-494a-884b-396b17fcac88
2026-05-01,TC001,BEVERAGES,13300000.0,f8ab5b8c-e0b5-4e23-9013-275ce3f60091
2026-05-01,TC001,CANDIES,1900000.0,707b4229-c144-451a-b5c2-4d9ae8cb08de
2026-05-01,TC001,GUMS,950000.0,9aa537e6-d135-434f-9bed-ffe62697d649
2026-05-01,TM001,SPREADS,22750000.0,f9f28bc8-a48f-4219-a2d7-bda78753c346
2026-05-01,TM001,CHOCOLATES,5250000.0,4e8268f4-cbbd-45f0-9f25-fc7713212bae
2026-05-01,TM001,BEVERAGES,2100000.0,340463fb-69a2-4e17-b882-f0718a17a8fa
2026-05-01,TM001,CANDIES,2800000.0,cfe0c959-93e6-44a5-a774-f2cc477cb9f1
2026-05-01,TM001,GUMS,2100000.0,bbc435e3-8021-4149-84eb-1f7e56e45d51
2026-05-01,TG001,SPREADS,20800000.0,84c6368a-df62-4256-a403-baee014ea5d7
2026-05-01,TG001,CHOCOLATES,4800000.0,99b95d29-30b6-4dd1-9528-f1e7042b143f
2026-05-01,TG001,BEVERAGES,1920000.0,eb7fd952-c927-4051-aa9a-4a3755b9d31e
2026-05-01,TG001,CANDIES,2560000.0,1d517663-5545-4888-bfb0-7d35deb2ea55
2026-05-01,TG001,GUMS,1920000.0,2d5a36f1-79cd-4671-bf3e-82788c8edf18
2026-05-01,WC001,SPREADS,9750000.0,d8d6ff0c-e507-437e-ac8e-bf069fa885ee
2026-05-01,WC001,CHOCOLATES,2250000.0,f4b1120a-d83f-408f-9869-65609c891eb8
2026-05-01,WC001,BEVERAGES,900000.0,1627365b-3e32-4253-9699-11e8e9c11eeb
2026-05-01,WC001,CANDIES,1200000.0,b87108ef-2d00-49a6-8975-286865b4aac2
2026-05-01,WC001,GUMS,900000.0,2630cbda-8300-4b00-bfa1-41f78a74782f
2026-05-01,DJ001,SPREADS,3250000.0,a0687266-4f2b-4fcb-8d44-8de16b89ede0
2026-05-01,DJ001,CHOCOLATES,750000.0,41a1cd35-3218-4574-a471-97f5c9b68728
2026-05-01,DJ001,BEVERAGES,300000.0,e80e79e7-5481-4503-bdce-732efc1cc2a2
2026-05-01,DJ001,CANDIES,400000.0,647cec03-04e4-43f0-9359-0ce4b248d62d
2026-05-01,DJ001,GUMS,300000.0,de67f3ea-3ab5-4774-8780-230f2e2b0416
2026-05-01,DD001,SPREADS,6500000.0,ea1a4601-1ad5-4ae4-951e-5df61ef91ffe
2026-05-01,DD001,CHOCOLATES,1500000.0,4e60e802-af63-475c-9ad2-5ee0bea5935c
2026-05-01,DD001,BEVERAGES,600000.0,599716f7-c548-4232-809a-128ad69428fa
2026-05-01,DD001,CANDIES,800000.0,b9f4f2e0-e78b-45e4-95d5-6442006dce9f
2026-05-01,DD001,GUMS,600000.0,6e8e9de5-9445-47a6-a9a5-5d424eff288b
2026-05-01,AE001,SPREADS,3250000.0,ce1d26e6-f2f5-4141-9d43-7e310eaa9d5d
2026-05-01,AE001,CHOCOLATES,750000.0,30a0bb04-13b7-41c1-a4e9-0efd3706b1c4
2026-05-01,AE001,BEVERAGES,300000.0,c4a1e7af-1c8e-4fac-8778-b5a8f88b688b
2026-05-01,AE001,CANDIES,400000.0,967e4ab1-af40-4ea2-889e-3e4f6a353909
2026-05-01,AE001,GUMS,300000.0,a481d264-abe2-4e21-9503-c48a573791cf
2026-05-01,BE001,SPREADS,6500000.0,39c38e32-9e23-4f30-8303-9eee85854f86
2026-05-01,BE001,CHOCOLATES,1500000.0,0bd28606-6fd3-491f-bcd1-2795a49a6ca5
2026-05-01,BE001,BEVERAGES,600000.0,3b98e358-7eb4-4999-834a-da01298a4272
2026-05-01,BE001,CANDIES,800000.0,869b1def-3bd4-480e-996c-5d12a06db34c
2026-05-01,BE001,GUMS,600000.0,16d6ed35-89d7-442c-91a4-b1d19741c0d8
2026-06-01,AK001,SPREADS,6500000.0,b682db7a-e381-400d-892e-b3278497e42c
2026-06-01,AK001,CHOCOLATES,1500000.0,76fcc721-f45a-4da5-8398-020524787330
2026-06-01,AK001,BEVERAGES,600000.0,1b7586ad-8d96-4213-9624-30c7c5b737a4
2026-06-01,AK001,CANDIES,800000.0,04b9d9c6-1d6c-4532-8107-ebae234bb4b1
2026-06-01,AK001,GUMS,600000.0,bdff643b-5e73-4738-a85e-a7a5f4c662b4
2026-06-01,BA001,SPREADS,6600000.0,81700e14-60d8-4b04-842b-c8b4bc25e56e
2026-06-01,BA001,CHOCOLATES,3740000.0,7fae0035-a129-4386-bc79-8d58322eab4f
2026-06-01,BA001,BEVERAGES,440000.0,9cc35935-c628-4ce3-a518-4f43a85b62cf
2026-06-01,BA001,CANDIES,7699999.999999999,7a545592-7c33-4f7b-ae3c-5c9b789778d1
2026-06-01,BA001,GUMS,3520000.0,341d3035-401d-46b7-873d-28a7f069d447
2026-06-01,BS001,SPREADS,4500000.0,4b998c73-2091-4f95-bb95-f9c3a658f555
2026-06-01,BS001,CHOCOLATES,2550000.0,d531326b-384c-4bcf-8b76-5228694854c7
2026-06-01,BS001,BEVERAGES,300000.0,e4b7b3e1-a719-4fa8-8378-e9c8aa00b60d
2026-06-01,BS001,CANDIES,5250000.0,73697dcb-aba5-46da-8cbf-6032547ce93d
2026-06-01,BS001,GUMS,2400000.0,4e99f2e0-869c-46bb-b412-33b79346480a
2026-06-01,BR001,SPREADS,20800000.0,ef400710-bade-4a0b-a8a8-323690c60094
2026-06-01,BR001,CHOCOLATES,4800000.0,b53243c0-cc41-4166-ac90-9deb615c7ca4
2026-06-01,BR001,BEVERAGES,1920000.0,a3ab3c6f-16d1-4122-a109-19828251f08d
2026-06-01,BR001,CANDIES,2560000.0,b496434c-1fcc-43e1-8ae0-21a6b1a9d70e
2026-06-01,BR001,GUMS,1920000.0,56c3f445-7bc0-432a-8e73-e08be8bf7488
2026-06-01,ES001,SPREADS,22750000.0,8a3c527e-b975-4af3-b834-268f6bed56bf
2026-06-01,ES001,CHOCOLATES,5250000.0,7b8eaeac-ae4f-4e49-8e04-0d51a5effd68
2026-06-01,ES001,BEVERAGES,2100000.0,1dd98d0a-a29c-4c3d-a384-afe7a37f72de
2026-06-01,ES001,CANDIES,2800000.0,c77f56fa-2420-4b1f-8e71-18e430b345a7
2026-06-01,ES001,GUMS,2100000.0,9044a3d4-e781-4847-88c2-981a5e5a159f
2026-06-01,EE001,SPREADS,20800000.0,cc723f81-6fc3-4483-b4fa-27f6d7c82f9d
2026-06-01,EE001,CHOCOLATES,4800000.0,c561a134-c01c-407f-afba-1ce79816d0a8
2026-06-01,EE001,BEVERAGES,1920000.0,e79ae3e0-2e1a-496c-b262-594943af543d
2026-06-01,EE001,CANDIES,2560000.0,cd72d5ee-1c79-417b-a4b6-f375eecc0cb0
2026-06-01,EE001,GUMS,1920000.0,c5e0c18d-4d4b-4301-ba1a-6ed0e9e59e96
2026-06-01,KM001,SPREADS,3250000.0,d172bec4-9306-435c-8b39-ec5c8906172e
2026-06-01,KM001,CHOCOLATES,750000.0,d9bcd594-75d1-434c-b314-856d47b28c59
2026-06-01,KM001,BEVERAGES,300000.0,d1e4c402-c061-47af-b88b-68585c72b541
2026-06-01,KM001,CANDIES,400000.0,3a3610db-fe29-461c-8aa7-be63de153ca3
2026-06-01,KM001,GUMS,300000.0,254c8fe0-9f5b-4adf-a09a-0f31427511c6
2026-06-01,KB001,SPREADS,16250000.0,fd8e17f8-6d1c-4d22-860f-2f860468c6dd
2026-06-01,KB001,CHOCOLATES,3750000.0,1383966c-211f-4464-85fb-57d15a2269e5
2026-06-01,KB001,BEVERAGES,1500000.0,8aaa6314-7069-4dde-b2db-09343813ff46
2026-06-01,KB001,CANDIES,2000000.0,607a9f12-d3a8-463f-9982-52cf9c417e1c
2026-06-01,KB001,GUMS,1500000.0,f0268ca7-0e93-47f1-a42f-3192f678aad0
2026-06-01,MC001,SPREADS,6500000.0,856a2da4-f0bb-428f-8b13-bff9c19a19fb
2026-06-01,MC001,CHOCOLATES,1500000.0,7386bfb1-aca2-44b5-ad11-89541595c795
2026-06-01,MC001,BEVERAGES,600000.0,17ec3f19-d53d-43d2-8954-e9f7d8956752
2026-06-01,MC001,CANDIES,800000.0,1f7ee8a1-ff2b-495b-88b3-131a4a2a7957
2026-06-01,MC001,GUMS,600000.0,3475bcf3-df94-4e94-984a-99620ddbebc8
2026-06-01,NS001,SPREADS,19500000.0,d2fdca45-0e17-41a5-a112-3f0a5fba807b
2026-06-01,NS001,CHOCOLATES,4500000.0,8fec16dd-62eb-46ee-b7b3-3b53da0a9511
2026-06-01,NS001,BEVERAGES,1800000.0,5590d3c6-013c-43a2-abbc-7be0cc5db3a3
2026-06-01,NS001,CANDIES,2400000.0,a4548736-024a-4463-8c63-f2d755d60441
2026-06-01,NS001,GUMS,1800000.0,307b7a9b-e310-4590-9bb6-3b6b65a9065d
2026-06-01,NA001,SPREADS,9750000.0,4a90a678-5ad3-4cb8-ae80-68691c000f89
2026-06-01,NA001,CHOCOLATES,2250000.0,cc1ad41d-97f8-4f9d-8868-5398e92f8a99
2026-06-01,NA001,BEVERAGES,900000.0,571afca2-5b38-45d1-b393-0da02cce9c3c
2026-06-01,NA001,CANDIES,1200000.0,cc309333-cbc0-4895-8143-4069ce2a8049
2026-06-01,NA001,GUMS,900000.0,c3fc0de6-c785-47b7-848f-b6e7f607aed0
2026-06-01,NM001,SPREADS,3250000.0,9e3c865e-e462-4649-802a-4e97aa21792c
2026-06-01,NM001,CHOCOLATES,750000.0,a7768e24-5d01-41d1-a139-2abf68d9dd26
2026-06-01,NM001,BEVERAGES,300000.0,f74c8e37-7cb7-4f4b-bf4d-baac49c8f78a
2026-06-01,NM001,CANDIES,400000.0,f18c15b9-4d19-4f55-b012-8d42acfd0ee2
2026-06-01,NM001,GUMS,300000.0,a95ca024-a6e5-45a8-9e97-c368ae1a28d2
2026-06-01,NC001,SPREADS,6750000.0,82acfab2-490b-4a69-a31e-d404d42bed0f
2026-06-01,NC001,CHOCOLATES,5700000.0,631303a9-c12e-486a-8627-d5c1ac64cd2c
2026-06-01,NC001,BEVERAGES,2100000.0,6ec8cce7-064c-4b49-a456-b36f2779c400
2026-06-01,NC001,CANDIES,300000.0,2df644d3-3d5e-416b-9623-1e6ef12babc6
2026-06-01,NC001,GUMS,150000.0,e60eaba5-234b-4793-ab76-f12003ac8cc1
2026-06-01,PS001,SPREADS,4500000.0,377e9799-f181-4446-bea1-d94d991496b2
2026-06-01,PS001,CHOCOLATES,2550000.0,2bdf1dcb-f886-4915-83db-a09cd6aad048
2026-06-01,PS001,BEVERAGES,300000.0,4b27497a-7027-472d-9a80-0b4ff42b8848
2026-06-01,PS001,CANDIES,5250000.0,a1084d91-f324-4627-bc47-d40b98b5be54
2026-06-01,PS001,GUMS,2400000.0,a43445d3-afdc-4ba0-862b-9cfac6658ec4
2026-06-01,TA001,SPREADS,13000000.0,f8482a69-f552-4365-b6b0-3151187b4f7e
2026-06-01,TA001,CHOCOLATES,3000000.0,cf2e8272-59b9-49c7-a1b7-dae05c8c7d6e
2026-06-01,TA001,BEVERAGES,1200000.0,7a650198-f8ae-475b-9a85-aa040857a68b
2026-06-01,TA001,CANDIES,1600000.0,a1342440-f098-469c-8e8a-3010960d9c9c
2026-06-01,TA001,GUMS,1200000.0,157b7879-03dc-454c-a11f-d64b6042e6eb
2026-06-01,TC001,SPREADS,42750000.0,50ec6315-e21e-46ac-84a2-ce0dcdc91374
2026-06-01,TC001,CHOCOLATES,36100000.0,8e37ba3d-7d29-4c14-a702-1876ba21ab40
2026-06-01,TC001,BEVERAGES,13300000.0,b5d74630-a877-4d00-a6d7-39c185a1aab7
2026-06-01,TC001,CANDIES,1900000.0,343c112f-2d61-40f4-b3bb-ef6a1b255476
2026-06-01,TC001,GUMS,950000.0,6f967846-6b49-49dd-b198-b8c50896fc97
2026-06-01,TM001,SPREADS,22750000.0,3232df86-b213-4c76-ab43-dc3d5e90778f
2026-06-01,TM001,CHOCOLATES,5250000.0,f1de8213-69b3-4215-abf6-8fc191472d3b
2026-06-01,TM001,BEVERAGES,2100000.0,bae28084-9e3a-4c8d-a873-0cfb1c47c77b
2026-06-01,TM001,CANDIES,2800000.0,3323542c-a430-49e4-8d97-95001f323d97
2026-06-01,TM001,GUMS,2100000.0,f5f36df6-0b2e-4799-969b-5c8e9e162653
2026-06-01,TG001,SPREADS,20800000.0,15a160f1-914c-4afe-8ede-89e8ff922e0d
2026-06-01,TG001,CHOCOLATES,4800000.0,677123b7-ac2c-45e6-aa85-cb916fabec46
2026-06-01,TG001,BEVERAGES,1920000.0,5ea11148-7d76-443a-89f6-b1c6f8833d0b
2026-06-01,TG001,CANDIES,2560000.0,e6d97d7d-940b-4062-a47c-4157b9cbc28f
2026-06-01,TG001,GUMS,1920000.0,241610a3-5844-4a4b-93aa-2a759d5e743c
2026-06-01,WC001,SPREADS,9750000.0,aa1fbea6-6d69-4ae7-812f-95f993dcd5ab
2026-06-01,WC001,CHOCOLATES,2250000.0,31a6955e-ac54-43da-853e-7a032fdecf5d
2026-06-01,WC001,BEVERAGES,900000.0,9e5bd841-a160-41f9-94e1-763204d58d61
2026-06-01,WC001,CANDIES,1200000.0,980bae48-d3dd-4d32-8bd3-17e8c82d2a06
2026-06-01,WC001,GUMS,900000.0,1f92e068-45f9-4238-84ce-05f5dc12d7e9
2026-06-01,DJ001,SPREADS,3250000.0,a818d0de-a0ca-4d70-922a-5085f1df8c0d
2026-06-01,DJ001,CHOCOLATES,750000.0,5ab501c6-e4a5-4210-9f76-3e01a5f9b585
2026-06-01,DJ001,BEVERAGES,300000.0,05e5376c-86ff-4b22-a77e-c33ab6eaf4fb
2026-06-01,DJ001,CANDIES,400000.0,05dab0f1-889a-4009-9f7e-ced5f94fa41f
2026-06-01,DJ001,GUMS,300000.0,34961104-2f8a-4051-87a3-baa4d6959d7d
2026-06-01,DD001,SPREADS,6500000.0,f1e8b9bd-3cfb-4373-8453-b9f539b8d755
2026-06-01,DD001,CHOCOLATES,1500000.0,6d2f0452-76d4-4145-bf9e-ffea934784f7
2026-06-01,DD001,BEVERAGES,600000.0,a0aae9ce-fe42-4632-abb7-d1afc2a19c7e
2026-06-01,DD001,CANDIES,800000.0,9862baa0-ddfd-4f4c-bcda-7dfc0f0c6b17
2026-06-01,DD001,GUMS,600000.0,daff8a4f-01ec-48e7-9110-ff554a66527c
2026-06-01,AE001,SPREADS,3250000.0,a3773266-5b19-4338-afd5-90c464b3a797
2026-06-01,AE001,CHOCOLATES,750000.0,18e2b7f5-b5c1-44e8-801e-faeb25dd1161
2026-06-01,AE001,BEVERAGES,300000.0,da9e9e06-1445-4344-ade2-025f174eccbf
2026-06-01,AE001,CANDIES,400000.0,368c4eee-98ee-4cea-9a27-a8660883a0fb
2026-06-01,AE001,GUMS,300000.0,03c4a69a-5edf-4714-bf47-755d40eb1853
2026-06-01,BE001,SPREADS,6500000.0,ba6155a7-44dd-4635-a5fb-547551bc93d4
2026-06-01,BE001,CHOCOLATES,1500000.0,418f1ad5-f15d-4024-88d2-00d662e6a9e8
2026-06-01,BE001,BEVERAGES,600000.0,fefa14c7-6ed8-41e5-ab8a-fd8f1a0ad74d
2026-06-01,BE001,CANDIES,800000.0,54b66691-9931-4198-ba7b-6d2d2bce5796
2026-06-01,BE001,GUMS,600000.0,b8a177e1-c80d-45df-8c75-321da0a49a12
2026-07-01,AK001,SPREADS,6500000.0,91adb058-fd91-4459-8a7f-c9eb32d4b787
2026-07-01,AK001,CHOCOLATES,1500000.0,63cbdf33-e837-48f1-8232-32c3360a245d
2026-07-01,AK001,BEVERAGES,600000.0,db700cb6-9d2e-4a51-8daa-1f2f553757f5
2026-07-01,AK001,CANDIES,800000.0,b3a1527e-bc31-459e-b339-9ccd0a41e4a0
2026-07-01,AK001,GUMS,600000.0,a2252ba4-73d2-4961-84a2-2a16d7671848
2026-07-01,BA001,SPREADS,6600000.0,7552d1df-b0a8-4371-b0d9-f71d13cb739c
2026-07-01,BA001,CHOCOLATES,3740000.0,7138a185-859c-4ba1-9d2f-dd63f6ffaf44
2026-07-01,BA001,BEVERAGES,440000.0,536e8369-a1c6-4326-ac58-3394e33ce851
2026-07-01,BA001,CANDIES,7699999.999999999,d29edb95-e3c5-4659-bc5a-fa4765cad569
2026-07-01,BA001,GUMS,3520000.0,95b9066e-be71-42b7-8f85-eb1e45d2869f
2026-07-01,BS001,SPREADS,4500000.0,2e62014d-23fa-40cb-9b87-7194c7d6860a
2026-07-01,BS001,CHOCOLATES,2550000.0,86506ca0-fb8d-4e76-92a1-cb1de75e8f3a
2026-07-01,BS001,BEVERAGES,300000.0,6015680b-c8d8-4ea7-8a1e-afa598889cd3
2026-07-01,BS001,CANDIES,5250000.0,d256a3c8-c645-43f0-a071-e959d737fbf6
2026-07-01,BS001,GUMS,2400000.0,b65d65e5-217b-4d4f-ad02-697e62f53a35
2026-07-01,BR001,SPREADS,20800000.0,779783ab-3ab6-4d30-843d-680c79819342
2026-07-01,BR001,CHOCOLATES,4800000.0,35be097f-7cb1-4324-a110-879b40e90c0a
2026-07-01,BR001,BEVERAGES,1920000.0,eb02bb10-9539-4813-9979-94a3ef3b3fd8
2026-07-01,BR001,CANDIES,2560000.0,a9086db4-b7e4-4b54-a235-f48b5ccffa99
2026-07-01,BR001,GUMS,1920000.0,cc6d4b25-2437-4bef-833d-af56b8da3a44
2026-07-01,ES001,SPREADS,22750000.0,e9149d7f-9f87-477e-8dd4-12961e778db0
2026-07-01,ES001,CHOCOLATES,5250000.0,ae513be3-2725-4829-948a-2a48029f4d7d
2026-07-01,ES001,BEVERAGES,2100000.0,695999ac-eb9e-4e60-9fc5-2e3a424991a0
2026-07-01,ES001,CANDIES,2800000.0,8b60333f-8030-4ce4-8290-d66aa4efe41c
2026-07-01,ES001,GUMS,2100000.0,607bf5ea-a492-4182-a4fd-21ed07cc35ff
2026-07-01,EE001,SPREADS,20800000.0,5580da3e-072e-49a5-bb1d-cdf69658872d
2026-07-01,EE001,CHOCOLATES,4800000.0,f7004490-c3f5-4271-8deb-3880f9ecdb8e
2026-07-01,EE001,BEVERAGES,1920000.0,a9f6d56e-e602-4620-80ba-be6de64dbad5
2026-07-01,EE001,CANDIES,2560000.0,598810da-1fb8-436b-98a6-74787bac5517
2026-07-01,EE001,GUMS,1920000.0,d4754234-ed30-43ca-b42a-5224565f2828
2026-07-01,KM001,SPREADS,3250000.0,97404595-d28a-4e8d-81c0-c446c91edd08
2026-07-01,KM001,CHOCOLATES,750000.0,7c8639cb-2313-47fa-8cbf-209a1a5fba98
2026-07-01,KM001,BEVERAGES,300000.0,4d53a303-0ae6-45ef-96f6-de2627ebb2c3
2026-07-01,KM001,CANDIES,400000.0,6e2d82d6-33e6-4e88-8585-08c2bc3cac96
2026-07-01,KM001,GUMS,300000.0,3734c54d-aae0-4c1e-a06f-3cd2bc621217
2026-07-01,KB001,SPREADS,16250000.0,f56691ab-2f17-4101-8a0e-3c19c1a688d1
2026-07-01,KB001,CHOCOLATES,3750000.0,8a8f45a7-7776-4649-8dee-4f1194dcc8b4
2026-07-01,KB001,BEVERAGES,1500000.0,146b7c1f-5a08-447d-b469-1cc1fad43278
2026-07-01,KB001,CANDIES,2000000.0,769ff016-d9c1-495a-95e6-f4cadb2e2772
2026-07-01,KB001,GUMS,1500000.0,8900d01b-69c3-4e1a-a873-b166a50ea8a8
2026-07-01,MC001,SPREADS,6500000.0,82dae62b-4490-43bb-86ec-9c2ca01126ff
2026-07-01,MC001,CHOCOLATES,1500000.0,7958ebf4-17ac-44c2-96ab-8a7e3015560e
2026-07-01,MC001,BEVERAGES,600000.0,fba3cd61-2d39-43e1-b785-62a366004f35
2026-07-01,MC001,CANDIES,800000.0,efe063bd-8956-4717-82bd-f43fcd187300
2026-07-01,MC001,GUMS,600000.0,124ad271-84b1-4b2d-82f0-7b529a85b7da
2026-07-01,NS001,SPREADS,19500000.0,58732bce-ed9b-4660-ad2a-4c8f1eec486b
2026-07-01,NS001,CHOCOLATES,4500000.0,6de121ed-9249-4471-bef0-729ce914cf58
2026-07-01,NS001,BEVERAGES,1800000.0,1b5df644-c8a0-42ea-8adc-7336a25cabbc
2026-07-01,NS001,CANDIES,2400000.0,4bd13b4f-f034-4194-86ca-17132c3e8892
2026-07-01,NS001,GUMS,1800000.0,841b41d5-1b86-4d6e-b350-dae3c0656a2f
2026-07-01,NA001,SPREADS,9750000.0,7c9255c3-021a-4641-a79c-cb1470177999
2026-07-01,NA001,CHOCOLATES,2250000.0,94acbf5a-6b47-4c9f-a388-06fd4e855cc8
2026-07-01,NA001,BEVERAGES,900000.0,0b5c3e8a-8a10-4ce5-afb7-e6ce50693b03
2026-07-01,NA001,CANDIES,1200000.0,32ea354a-9164-40aa-97b4-af95c7525e62
2026-07-01,NA001,GUMS,900000.0,ba5c2b91-e502-4cb6-9f8d-0c3e19ae5a17
2026-07-01,NM001,SPREADS,6500000.0,045c1246-52af-432c-a7bc-9255a77d1a79
2026-07-01,NM001,CHOCOLATES,1500000.0,04e291ce-222e-48c2-9ed4-483b97109883
2026-07-01,NM001,BEVERAGES,600000.0,38da7e1b-f3aa-4956-87a3-0da86d0a771e
2026-07-01,NM001,CANDIES,800000.0,ef5d04f9-e0b5-4f11-8326-e377825b0c81
2026-07-01,NM001,GUMS,600000.0,c7906931-79dc-4145-9e25-da6f3027a4ed
2026-07-01,NC001,SPREADS,6750000.0,a06ada18-b582-44a8-85a3-7a22242f00ae
2026-07-01,NC001,CHOCOLATES,5700000.0,e4c1a8b3-3514-4f0f-90dc-27c92c3094a1
2026-07-01,NC001,BEVERAGES,2100000.0,628287d5-4577-45a9-b754-156964411b27
2026-07-01,NC001,CANDIES,300000.0,433c93dc-5513-41b6-a2f6-2d18d6e0f6ce
2026-07-01,NC001,GUMS,150000.0,307b00fc-b464-4e46-9a92-6b8874946020
2026-07-01,PS001,SPREADS,4500000.0,47e2ea03-1aa7-4178-851b-fe9e83da2538
2026-07-01,PS001,CHOCOLATES,2550000.0,59cc936a-eb09-4b3b-9bc9-406d4d082650
2026-07-01,PS001,BEVERAGES,300000.0,d9dc4a9f-bf6d-4624-8b6a-ff1a9c5c86da
2026-07-01,PS001,CANDIES,5250000.0,00eaa4da-7fee-4aa3-a1dc-30fedd2ed380
2026-07-01,PS001,GUMS,2400000.0,00b8d2ff-7dc9-4784-a444-cc03088c4fbd
2026-07-01,TA001,SPREADS,13000000.0,76a499a7-4edc-44b3-81b5-b9c8ace06fe5
2026-07-01,TA001,CHOCOLATES,3000000.0,46100e5e-353d-4337-9ce7-1549fec97113
2026-07-01,TA001,BEVERAGES,1200000.0,9be54491-cd86-4782-bcc3-1d02e6975bd2
2026-07-01,TA001,CANDIES,1600000.0,2949046c-4944-4abe-ac4f-e5feea8e1c2e
2026-07-01,TA001,GUMS,1200000.0,355db4d9-cdb9-41be-94ad-42574406cb44
2026-07-01,TC001,SPREADS,42750000.0,321c3bd0-8cd1-4462-a816-4763c951f8e1
2026-07-01,TC001,CHOCOLATES,36100000.0,da802dfa-5cd7-45fc-8ba0-e4b69f89ad82
2026-07-01,TC001,BEVERAGES,13300000.0,c63ac158-c1f0-4baf-8b05-677466c91d2a
2026-07-01,TC001,CANDIES,1900000.0,7946e5d6-15a8-41ff-ac1b-11c904272359
2026-07-01,TC001,GUMS,950000.0,6ce59565-5d80-48e2-a9cf-44e4e8def0b7
2026-07-01,TM001,SPREADS,22750000.0,03e7aa7c-3cee-4fa1-ada2-44f76bb4ad07
2026-07-01,TM001,CHOCOLATES,5250000.0,1df1fb53-3ab5-492c-947f-cb6e24e896cb
2026-07-01,TM001,BEVERAGES,2100000.0,0baffc3c-33d0-4b0d-9387-8e6f838b74cd
2026-07-01,TM001,CANDIES,2800000.0,2be5aee6-e877-4e27-8c32-16374e2831df
2026-07-01,TM001,GUMS,2100000.0,5ccd7c24-ea1b-4728-936e-f6471b511093
2026-07-01,TG001,SPREADS,20800000.0,46191167-42d9-4185-86d9-46220f27837f
2026-07-01,TG001,CHOCOLATES,4800000.0,8ebc5c2d-7cc0-4d33-a8da-25c81085432b
2026-07-01,TG001,BEVERAGES,1920000.0,83b77cf0-30bf-47d0-97f4-606baf106149
2026-07-01,TG001,CANDIES,2560000.0,575379c9-1701-4f0e-90c7-a371a1605637
2026-07-01,TG001,GUMS,1920000.0,00e3e6af-3182-43fd-ad5f-08b7d96b138e
2026-07-01,WC001,SPREADS,9750000.0,2ecf9424-91ba-45da-9fce-a424399aa05f
2026-07-01,WC001,CHOCOLATES,2250000.0,eddc3b09-79c7-4536-96fe-1101e9ee83a2
2026-07-01,WC001,BEVERAGES,900000.0,afd8741c-cf6a-4019-a773-84f9a7980dc9
2026-07-01,WC001,CANDIES,1200000.0,df0fee23-9093-4c9e-8d34-26bbd8a41e85
2026-07-01,WC001,GUMS,900000.0,5183fb06-9d37-433f-aaad-92879cfc4f14
2026-07-01,DJ001,SPREADS,3250000.0,c9dd3da9-3972-4a7c-ba8c-e05e2ab24674
2026-07-01,DJ001,CHOCOLATES,750000.0,85947703-7e40-47c7-8138-a0acb8fa3406
2026-07-01,DJ001,BEVERAGES,300000.0,86db6b1b-8864-4486-ab87-3166e1568d74
2026-07-01,DJ001,CANDIES,400000.0,33f25b3f-029b-4e05-a4ce-7451841fc833
2026-07-01,DJ001,GUMS,300000.0,4e94cc58-22b2-4586-a276-5c834dddbf5b
2026-07-01,DD001,SPREADS,6500000.0,7e6bf7e0-0f29-4de1-bd6f-bb7daedc112f
2026-07-01,DD001,CHOCOLATES,1500000.0,d35c28e3-d044-4c13-a491-e5c36d251ed1
2026-07-01,DD001,BEVERAGES,600000.0,1781fd8f-e6c5-4b3d-89a4-68947a901a21
2026-07-01,DD001,CANDIES,800000.0,dd292c3d-23cc-4d7d-af18-a53aedd4f9b2
2026-07-01,DD001,GUMS,600000.0,ddd03348-7595-48ba-9b4d-07f285e8fb49
2026-07-01,AE001,SPREADS,3250000.0,9df1442a-c814-4fba-9b12-5456e79867d2
2026-07-01,AE001,CHOCOLATES,750000.0,c7e0799c-b85a-42f1-a584-02189770e8e6
2026-07-01,AE001,BEVERAGES,300000.0,8d64b5d8-9b52-44aa-baa9-d699fb2c2da2
2026-07-01,AE001,CANDIES,400000.0,d154e44f-990c-439f-9e81-c750e990e0bc
2026-07-01,AE001,GUMS,300000.0,fad4b9a9-a60c-4f75-9c3f-b1b97dc29115
2026-07-01,BE001,SPREADS,6500000.0,c1536a9d-0fa5-45c4-8e14-651a82de8eff
2026-07-01,BE001,CHOCOLATES,1500000.0,3e2a5cf4-7040-49cd-aa4b-afb87a5a943c
2026-07-01,BE001,BEVERAGES,600000.0,6d193b9a-af35-4bcb-a2c7-be3dbed3382c
2026-07-01,BE001,CANDIES,800000.0,f10dd40b-6117-4c93-976d-66507860fe39
2026-07-01,BE001,GUMS,600000.0,5d33a858-2f25-4d53-b726-c22b7ba8f2ab
